Copyright 1986-2019 Xilinx, Inc. All Rights Reserved.
-----------------------------------------------------------------------------------------------------------------------------------------------------------------------------------------------------------------------
| Tool Version : Vivado v.2019.1.1 (win64) Build 2580384 Sat Jun 29 08:12:21 MDT 2019
| Date         : Fri Aug 14 13:40:09 2026
| Host         : GANP2234 running 64-bit major release  (build 9200)
| Command      : report_timing_summary -max_paths 10 -file design_1_wrapper_timing_summary_routed.rpt -pb design_1_wrapper_timing_summary_routed.pb -rpx design_1_wrapper_timing_summary_routed.rpx -warn_on_violation
| Design       : design_1_wrapper
| Device       : 7z045-ffg900
| Speed File   : -2  PRODUCTION 1.11 2014-09-11
-----------------------------------------------------------------------------------------------------------------------------------------------------------------------------------------------------------------------

Timing Summary Report

------------------------------------------------------------------------------------------------
| Timer Settings
| --------------
------------------------------------------------------------------------------------------------

  Enable Multi Corner Analysis               :  Yes
  Enable Pessimism Removal                   :  Yes
  Pessimism Removal Resolution               :  Nearest Common Node
  Enable Input Delay Default Clock           :  No
  Enable Preset / Clear Arcs                 :  No
  Disable Flight Delays                      :  No
  Ignore I/O Paths                           :  No
  Timing Early Launch at Borrowing Latches   :  No
  Borrow Time for Max Delay Exceptions       :  Yes

  Corner  Analyze    Analyze    
  Name    Max Paths  Min Paths  
  ------  ---------  ---------  
  Slow    Yes        Yes        
  Fast    Yes        Yes        



check_timing report

Table of Contents
-----------------
1. checking no_clock
2. checking constant_clock
3. checking pulse_width_clock
4. checking unconstrained_internal_endpoints
5. checking no_input_delay
6. checking no_output_delay
7. checking multiple_clock
8. checking generated_clocks
9. checking loops
10. checking partial_input_delay
11. checking partial_output_delay
12. checking latch_loops

1. checking no_clock
--------------------
 There are 18 register/latch pins with no clock driven by root clock pin: RGMII_0_rxc (HIGH)


2. checking constant_clock
--------------------------
 There are 0 register/latch pins with constant_clock.


3. checking pulse_width_clock
-----------------------------
 There are 0 register/latch pins which need pulse_width check


4. checking unconstrained_internal_endpoints
--------------------------------------------
 There are 27 pins that are not constrained for maximum delay. (HIGH)

 There are 0 pins that are not constrained for maximum delay due to constant clock.


5. checking no_input_delay
--------------------------
 There are 0 input ports with no input delay specified.

 There are 0 input ports with no input delay but user has a false path constraint.


6. checking no_output_delay
---------------------------
 There are 0 ports with no output delay specified.

 There are 0 ports with no output delay but user has a false path constraint

 There is 1 port with no output delay but with a timing clock defined on it or propagating through it (LOW)


7. checking multiple_clock
--------------------------
 There is 1 register/latch pin with multiple clocks. (HIGH)


8. checking generated_clocks
----------------------------
 There are 0 generated clocks that are not connected to a clock source.


9. checking loops
-----------------
 There are 0 combinational loops in the design.


10. checking partial_input_delay
--------------------------------
 There are 0 input ports with partial input delay specified.


11. checking partial_output_delay
---------------------------------
 There are 0 ports with partial output delay specified.


12. checking latch_loops
------------------------
 There are 0 combinational latch loops in the design through latch input



------------------------------------------------------------------------------------------------
| Design Timing Summary
| ---------------------
------------------------------------------------------------------------------------------------

    WNS(ns)      TNS(ns)  TNS Failing Endpoints  TNS Total Endpoints      WHS(ns)      THS(ns)  THS Failing Endpoints  THS Total Endpoints     WPWS(ns)     TPWS(ns)  TPWS Failing Endpoints  TPWS Total Endpoints  
    -------      -------  ---------------------  -------------------      -------      -------  ---------------------  -------------------     --------     --------  ----------------------  --------------------  
      0.669        0.000                      0                  252        0.092        0.000                      0                  252        0.264        0.000                       0                   173  


All user specified timing constraints are met.


------------------------------------------------------------------------------------------------
| Clock Summary
| -------------
------------------------------------------------------------------------------------------------

Clock                                      Waveform(ns)         Period(ns)      Frequency(MHz)
-----                                      ------------         ----------      --------------
clk_fpga_0                                 {0.000 2.500}        5.000           200.000         
clk_fpga_1                                 {0.000 4.000}        8.000           125.000         
  design_1_gmii_to_rgmii_0_0_rgmii_tx_clk  {0.000 4.000}        8.000           125.000         
clk_fpga_2                                 {0.000 20.000}       40.000          25.000          
clk_fpga_3                                 {0.000 200.000}      400.000         2.500           
design_1_gmii_to_rgmii_0_0_rgmii_rx_clk    {0.000 4.000}        8.000           125.000         


------------------------------------------------------------------------------------------------
| Intra Clock Table
| -----------------
------------------------------------------------------------------------------------------------

Clock             WNS(ns)      TNS(ns)  TNS Failing Endpoints  TNS Total Endpoints      WHS(ns)      THS(ns)  THS Failing Endpoints  THS Total Endpoints     WPWS(ns)     TPWS(ns)  TPWS Failing Endpoints  TPWS Total Endpoints  
-----             -------      -------  ---------------------  -------------------      -------      -------  ---------------------  -------------------     --------     --------  ----------------------  --------------------  
clk_fpga_0          3.115        0.000                      0                  194        0.092        0.000                      0                  194        0.264        0.000                       0                   120  
clk_fpga_1          1.748        0.000                      0                   53        0.164        0.000                      0                   53        3.600        0.000                       0                    48  
clk_fpga_2                                                                                                                                                     38.592        0.000                       0                     3  
clk_fpga_3                                                                                                                                                    398.592        0.000                       0                     3  


------------------------------------------------------------------------------------------------
| Inter Clock Table
| -----------------
------------------------------------------------------------------------------------------------

From Clock                               To Clock                                     WNS(ns)      TNS(ns)  TNS Failing Endpoints  TNS Total Endpoints      WHS(ns)      THS(ns)  THS Failing Endpoints  THS Total Endpoints  
----------                               --------                                     -------      -------  ---------------------  -------------------      -------      -------  ---------------------  -------------------  
clk_fpga_1                               design_1_gmii_to_rgmii_0_0_rgmii_tx_clk        0.669        0.000                      0                    5        0.945        0.000                      0                    5  


------------------------------------------------------------------------------------------------
| Other Path Groups Table
| -----------------------
------------------------------------------------------------------------------------------------

Path Group    From Clock    To Clock          WNS(ns)      TNS(ns)  TNS Failing Endpoints  TNS Total Endpoints      WHS(ns)      THS(ns)  THS Failing Endpoints  THS Total Endpoints  
----------    ----------    --------          -------      -------  ---------------------  -------------------      -------      -------  ---------------------  -------------------  


------------------------------------------------------------------------------------------------
| Timing Details
| --------------
------------------------------------------------------------------------------------------------


---------------------------------------------------------------------------------------------------
From Clock:  clk_fpga_0
  To Clock:  clk_fpga_0

Setup :            0  Failing Endpoints,  Worst Slack        3.115ns,  Total Violation        0.000ns
Hold  :            0  Failing Endpoints,  Worst Slack        0.092ns,  Total Violation        0.000ns
PW    :            0  Failing Endpoints,  Worst Slack        0.264ns,  Total Violation        0.000ns
---------------------------------------------------------------------------------------------------


Max Delay Paths
--------------------------------------------------------------------------------------
Slack (MET) :             3.115ns  (required time - arrival time)
  Source:                 design_1_i/gmii_to_rgmii_0/U0/design_1_gmii_to_rgmii_0_0_core/i_gmii_to_rgmii/i_MANAGEMENT/MDIO_INTERFACE_1/BIT_COUNT_reg[1]/C
                            (rising edge-triggered cell FDRE clocked by clk_fpga_0  {rise@0.000ns fall@2.500ns period=5.000ns})
  Destination:            design_1_i/gmii_to_rgmii_0/U0/design_1_gmii_to_rgmii_0_0_core/i_gmii_to_rgmii/i_MANAGEMENT/MDIO_INTERFACE_1/BIT_COUNT_reg[2]/CE
                            (rising edge-triggered cell FDRE clocked by clk_fpga_0  {rise@0.000ns fall@2.500ns period=5.000ns})
  Path Group:             clk_fpga_0
  Path Type:              Setup (Max at Slow Process Corner)
  Requirement:            5.000ns  (clk_fpga_0 rise@5.000ns - clk_fpga_0 rise@0.000ns)
  Data Path Delay:        1.600ns  (logic 0.345ns (21.567%)  route 1.255ns (78.433%))
  Logic Levels:           2  (LUT4=1 LUT5=1)
  Clock Path Skew:        -0.024ns (DCD - SCD + CPR)
    Destination Clock Delay (DCD):    2.727ns = ( 7.727 - 5.000 ) 
    Source Clock Delay      (SCD):    2.972ns
    Clock Pessimism Removal (CPR):    0.221ns
  Clock Uncertainty:      0.083ns  ((TSJ^2 + TIJ^2)^1/2 + DJ) / 2 + PE
    Total System Jitter     (TSJ):    0.071ns
    Total Input Jitter      (TIJ):    0.150ns
    Discrete Jitter          (DJ):    0.000ns
    Phase Error              (PE):    0.000ns

    Location             Delay type                Incr(ns)  Path(ns)    Netlist Resource(s)
  -------------------------------------------------------------------    -------------------
                         (clock clk_fpga_0 rise edge)
                                                      0.000     0.000 r  
    PS7_X0Y0             PS7                          0.000     0.000 r  design_1_i/processing_system7_0/inst/PS7_i/FCLKCLK[0]
                         net (fo=1, routed)           1.339     1.339    design_1_i/processing_system7_0/inst/FCLK_CLK_unbuffered[0]
    BUFGCTRL_X0Y26       BUFG (Prop_bufg_I_O)         0.093     1.432 r  design_1_i/processing_system7_0/inst/buffer_fclk_clk_0.FCLK_CLK_0_BUFG/O
                         net (fo=119, routed)         1.540     2.972    design_1_i/gmii_to_rgmii_0/U0/design_1_gmii_to_rgmii_0_0_core/i_gmii_to_rgmii/i_MANAGEMENT/MDIO_INTERFACE_1/ref_clk
    SLICE_X6Y67          FDRE                                         r  design_1_i/gmii_to_rgmii_0/U0/design_1_gmii_to_rgmii_0_0_core/i_gmii_to_rgmii/i_MANAGEMENT/MDIO_INTERFACE_1/BIT_COUNT_reg[1]/C
  -------------------------------------------------------------------    -------------------
    SLICE_X6Y67          FDRE (Prop_fdre_C_Q)         0.259     3.231 r  design_1_i/gmii_to_rgmii_0/U0/design_1_gmii_to_rgmii_0_0_core/i_gmii_to_rgmii/i_MANAGEMENT/MDIO_INTERFACE_1/BIT_COUNT_reg[1]/Q
                         net (fo=11, routed)          0.598     3.829    design_1_i/gmii_to_rgmii_0/U0/design_1_gmii_to_rgmii_0_0_core/i_gmii_to_rgmii/i_MANAGEMENT/MDIO_INTERFACE_1/BIT_COUNT_reg[1]
    SLICE_X6Y68          LUT4 (Prop_lut4_I0_O)        0.043     3.872 f  design_1_i/gmii_to_rgmii_0/U0/design_1_gmii_to_rgmii_0_0_core/i_gmii_to_rgmii/i_MANAGEMENT/MDIO_INTERFACE_1/MDIO_OUT_i_2/O
                         net (fo=3, routed)           0.445     4.317    design_1_i/gmii_to_rgmii_0/U0/design_1_gmii_to_rgmii_0_0_core/i_gmii_to_rgmii/i_MANAGEMENT/MDIO_INTERFACE_1/MDIO_OUT_i_2_n_0
    SLICE_X6Y67          LUT5 (Prop_lut5_I1_O)        0.043     4.360 r  design_1_i/gmii_to_rgmii_0/U0/design_1_gmii_to_rgmii_0_0_core/i_gmii_to_rgmii/i_MANAGEMENT/MDIO_INTERFACE_1/BIT_COUNT[3]_i_1/O
                         net (fo=4, routed)           0.212     4.572    design_1_i/gmii_to_rgmii_0/U0/design_1_gmii_to_rgmii_0_0_core/i_gmii_to_rgmii/i_MANAGEMENT/MDIO_INTERFACE_1/BIT_COUNT
    SLICE_X6Y69          FDRE                                         r  design_1_i/gmii_to_rgmii_0/U0/design_1_gmii_to_rgmii_0_0_core/i_gmii_to_rgmii/i_MANAGEMENT/MDIO_INTERFACE_1/BIT_COUNT_reg[2]/CE
  -------------------------------------------------------------------    -------------------

                         (clock clk_fpga_0 rise edge)
                                                      5.000     5.000 r  
    PS7_X0Y0             PS7                          0.000     5.000 r  design_1_i/processing_system7_0/inst/PS7_i/FCLKCLK[0]
                         net (fo=1, routed)           1.241     6.241    design_1_i/processing_system7_0/inst/FCLK_CLK_unbuffered[0]
    BUFGCTRL_X0Y26       BUFG (Prop_bufg_I_O)         0.083     6.324 r  design_1_i/processing_system7_0/inst/buffer_fclk_clk_0.FCLK_CLK_0_BUFG/O
                         net (fo=119, routed)         1.403     7.727    design_1_i/gmii_to_rgmii_0/U0/design_1_gmii_to_rgmii_0_0_core/i_gmii_to_rgmii/i_MANAGEMENT/MDIO_INTERFACE_1/ref_clk
    SLICE_X6Y69          FDRE                                         r  design_1_i/gmii_to_rgmii_0/U0/design_1_gmii_to_rgmii_0_0_core/i_gmii_to_rgmii/i_MANAGEMENT/MDIO_INTERFACE_1/BIT_COUNT_reg[2]/C
                         clock pessimism              0.221     7.948    
                         clock uncertainty           -0.083     7.865    
    SLICE_X6Y69          FDRE (Setup_fdre_C_CE)      -0.178     7.687    design_1_i/gmii_to_rgmii_0/U0/design_1_gmii_to_rgmii_0_0_core/i_gmii_to_rgmii/i_MANAGEMENT/MDIO_INTERFACE_1/BIT_COUNT_reg[2]
  -------------------------------------------------------------------
                         required time                          7.687    
                         arrival time                          -4.572    
  -------------------------------------------------------------------
                         slack                                  3.115    

Slack (MET) :             3.115ns  (required time - arrival time)
  Source:                 design_1_i/gmii_to_rgmii_0/U0/design_1_gmii_to_rgmii_0_0_core/i_gmii_to_rgmii/i_MANAGEMENT/MDIO_INTERFACE_1/BIT_COUNT_reg[1]/C
                            (rising edge-triggered cell FDRE clocked by clk_fpga_0  {rise@0.000ns fall@2.500ns period=5.000ns})
  Destination:            design_1_i/gmii_to_rgmii_0/U0/design_1_gmii_to_rgmii_0_0_core/i_gmii_to_rgmii/i_MANAGEMENT/MDIO_INTERFACE_1/BIT_COUNT_reg[3]/CE
                            (rising edge-triggered cell FDRE clocked by clk_fpga_0  {rise@0.000ns fall@2.500ns period=5.000ns})
  Path Group:             clk_fpga_0
  Path Type:              Setup (Max at Slow Process Corner)
  Requirement:            5.000ns  (clk_fpga_0 rise@5.000ns - clk_fpga_0 rise@0.000ns)
  Data Path Delay:        1.600ns  (logic 0.345ns (21.567%)  route 1.255ns (78.433%))
  Logic Levels:           2  (LUT4=1 LUT5=1)
  Clock Path Skew:        -0.024ns (DCD - SCD + CPR)
    Destination Clock Delay (DCD):    2.727ns = ( 7.727 - 5.000 ) 
    Source Clock Delay      (SCD):    2.972ns
    Clock Pessimism Removal (CPR):    0.221ns
  Clock Uncertainty:      0.083ns  ((TSJ^2 + TIJ^2)^1/2 + DJ) / 2 + PE
    Total System Jitter     (TSJ):    0.071ns
    Total Input Jitter      (TIJ):    0.150ns
    Discrete Jitter          (DJ):    0.000ns
    Phase Error              (PE):    0.000ns

    Location             Delay type                Incr(ns)  Path(ns)    Netlist Resource(s)
  -------------------------------------------------------------------    -------------------
                         (clock clk_fpga_0 rise edge)
                                                      0.000     0.000 r  
    PS7_X0Y0             PS7                          0.000     0.000 r  design_1_i/processing_system7_0/inst/PS7_i/FCLKCLK[0]
                         net (fo=1, routed)           1.339     1.339    design_1_i/processing_system7_0/inst/FCLK_CLK_unbuffered[0]
    BUFGCTRL_X0Y26       BUFG (Prop_bufg_I_O)         0.093     1.432 r  design_1_i/processing_system7_0/inst/buffer_fclk_clk_0.FCLK_CLK_0_BUFG/O
                         net (fo=119, routed)         1.540     2.972    design_1_i/gmii_to_rgmii_0/U0/design_1_gmii_to_rgmii_0_0_core/i_gmii_to_rgmii/i_MANAGEMENT/MDIO_INTERFACE_1/ref_clk
    SLICE_X6Y67          FDRE                                         r  design_1_i/gmii_to_rgmii_0/U0/design_1_gmii_to_rgmii_0_0_core/i_gmii_to_rgmii/i_MANAGEMENT/MDIO_INTERFACE_1/BIT_COUNT_reg[1]/C
  -------------------------------------------------------------------    -------------------
    SLICE_X6Y67          FDRE (Prop_fdre_C_Q)         0.259     3.231 r  design_1_i/gmii_to_rgmii_0/U0/design_1_gmii_to_rgmii_0_0_core/i_gmii_to_rgmii/i_MANAGEMENT/MDIO_INTERFACE_1/BIT_COUNT_reg[1]/Q
                         net (fo=11, routed)          0.598     3.829    design_1_i/gmii_to_rgmii_0/U0/design_1_gmii_to_rgmii_0_0_core/i_gmii_to_rgmii/i_MANAGEMENT/MDIO_INTERFACE_1/BIT_COUNT_reg[1]
    SLICE_X6Y68          LUT4 (Prop_lut4_I0_O)        0.043     3.872 f  design_1_i/gmii_to_rgmii_0/U0/design_1_gmii_to_rgmii_0_0_core/i_gmii_to_rgmii/i_MANAGEMENT/MDIO_INTERFACE_1/MDIO_OUT_i_2/O
                         net (fo=3, routed)           0.445     4.317    design_1_i/gmii_to_rgmii_0/U0/design_1_gmii_to_rgmii_0_0_core/i_gmii_to_rgmii/i_MANAGEMENT/MDIO_INTERFACE_1/MDIO_OUT_i_2_n_0
    SLICE_X6Y67          LUT5 (Prop_lut5_I1_O)        0.043     4.360 r  design_1_i/gmii_to_rgmii_0/U0/design_1_gmii_to_rgmii_0_0_core/i_gmii_to_rgmii/i_MANAGEMENT/MDIO_INTERFACE_1/BIT_COUNT[3]_i_1/O
                         net (fo=4, routed)           0.212     4.572    design_1_i/gmii_to_rgmii_0/U0/design_1_gmii_to_rgmii_0_0_core/i_gmii_to_rgmii/i_MANAGEMENT/MDIO_INTERFACE_1/BIT_COUNT
    SLICE_X6Y69          FDRE                                         r  design_1_i/gmii_to_rgmii_0/U0/design_1_gmii_to_rgmii_0_0_core/i_gmii_to_rgmii/i_MANAGEMENT/MDIO_INTERFACE_1/BIT_COUNT_reg[3]/CE
  -------------------------------------------------------------------    -------------------

                         (clock clk_fpga_0 rise edge)
                                                      5.000     5.000 r  
    PS7_X0Y0             PS7                          0.000     5.000 r  design_1_i/processing_system7_0/inst/PS7_i/FCLKCLK[0]
                         net (fo=1, routed)           1.241     6.241    design_1_i/processing_system7_0/inst/FCLK_CLK_unbuffered[0]
    BUFGCTRL_X0Y26       BUFG (Prop_bufg_I_O)         0.083     6.324 r  design_1_i/processing_system7_0/inst/buffer_fclk_clk_0.FCLK_CLK_0_BUFG/O
                         net (fo=119, routed)         1.403     7.727    design_1_i/gmii_to_rgmii_0/U0/design_1_gmii_to_rgmii_0_0_core/i_gmii_to_rgmii/i_MANAGEMENT/MDIO_INTERFACE_1/ref_clk
    SLICE_X6Y69          FDRE                                         r  design_1_i/gmii_to_rgmii_0/U0/design_1_gmii_to_rgmii_0_0_core/i_gmii_to_rgmii/i_MANAGEMENT/MDIO_INTERFACE_1/BIT_COUNT_reg[3]/C
                         clock pessimism              0.221     7.948    
                         clock uncertainty           -0.083     7.865    
    SLICE_X6Y69          FDRE (Setup_fdre_C_CE)      -0.178     7.687    design_1_i/gmii_to_rgmii_0/U0/design_1_gmii_to_rgmii_0_0_core/i_gmii_to_rgmii/i_MANAGEMENT/MDIO_INTERFACE_1/BIT_COUNT_reg[3]
  -------------------------------------------------------------------
                         required time                          7.687    
                         arrival time                          -4.572    
  -------------------------------------------------------------------
                         slack                                  3.115    

Slack (MET) :             3.165ns  (required time - arrival time)
  Source:                 design_1_i/gmii_to_rgmii_0/U0/design_1_gmii_to_rgmii_0_0_core/i_gmii_to_rgmii/i_MANAGEMENT/MDIO_INTERFACE_1/BIT_COUNT_reg[0]/C
                            (rising edge-triggered cell FDRE clocked by clk_fpga_0  {rise@0.000ns fall@2.500ns period=5.000ns})
  Destination:            design_1_i/gmii_to_rgmii_0/U0/design_1_gmii_to_rgmii_0_0_core/i_gmii_to_rgmii/i_MANAGEMENT/MDIO_INTERFACE_1/SHIFT_REG_reg[0]/R
                            (rising edge-triggered cell FDRE clocked by clk_fpga_0  {rise@0.000ns fall@2.500ns period=5.000ns})
  Path Group:             clk_fpga_0
  Path Type:              Setup (Max at Slow Process Corner)
  Requirement:            5.000ns  (clk_fpga_0 rise@5.000ns - clk_fpga_0 rise@0.000ns)
  Data Path Delay:        1.447ns  (logic 0.302ns (20.867%)  route 1.145ns (79.133%))
  Logic Levels:           1  (LUT6=1)
  Clock Path Skew:        -0.024ns (DCD - SCD + CPR)
    Destination Clock Delay (DCD):    2.727ns = ( 7.727 - 5.000 ) 
    Source Clock Delay      (SCD):    2.972ns
    Clock Pessimism Removal (CPR):    0.221ns
  Clock Uncertainty:      0.083ns  ((TSJ^2 + TIJ^2)^1/2 + DJ) / 2 + PE
    Total System Jitter     (TSJ):    0.071ns
    Total Input Jitter      (TIJ):    0.150ns
    Discrete Jitter          (DJ):    0.000ns
    Phase Error              (PE):    0.000ns

    Location             Delay type                Incr(ns)  Path(ns)    Netlist Resource(s)
  -------------------------------------------------------------------    -------------------
                         (clock clk_fpga_0 rise edge)
                                                      0.000     0.000 r  
    PS7_X0Y0             PS7                          0.000     0.000 r  design_1_i/processing_system7_0/inst/PS7_i/FCLKCLK[0]
                         net (fo=1, routed)           1.339     1.339    design_1_i/processing_system7_0/inst/FCLK_CLK_unbuffered[0]
    BUFGCTRL_X0Y26       BUFG (Prop_bufg_I_O)         0.093     1.432 r  design_1_i/processing_system7_0/inst/buffer_fclk_clk_0.FCLK_CLK_0_BUFG/O
                         net (fo=119, routed)         1.540     2.972    design_1_i/gmii_to_rgmii_0/U0/design_1_gmii_to_rgmii_0_0_core/i_gmii_to_rgmii/i_MANAGEMENT/MDIO_INTERFACE_1/ref_clk
    SLICE_X6Y67          FDRE                                         r  design_1_i/gmii_to_rgmii_0/U0/design_1_gmii_to_rgmii_0_0_core/i_gmii_to_rgmii/i_MANAGEMENT/MDIO_INTERFACE_1/BIT_COUNT_reg[0]/C
  -------------------------------------------------------------------    -------------------
    SLICE_X6Y67          FDRE (Prop_fdre_C_Q)         0.259     3.231 f  design_1_i/gmii_to_rgmii_0/U0/design_1_gmii_to_rgmii_0_0_core/i_gmii_to_rgmii/i_MANAGEMENT/MDIO_INTERFACE_1/BIT_COUNT_reg[0]/Q
                         net (fo=12, routed)          0.752     3.983    design_1_i/gmii_to_rgmii_0/U0/design_1_gmii_to_rgmii_0_0_core/i_gmii_to_rgmii/i_MANAGEMENT/MDIO_INTERFACE_1/BIT_COUNT_reg[0]
    SLICE_X4Y69          LUT6 (Prop_lut6_I1_O)        0.043     4.026 r  design_1_i/gmii_to_rgmii_0/U0/design_1_gmii_to_rgmii_0_0_core/i_gmii_to_rgmii/i_MANAGEMENT/MDIO_INTERFACE_1/SHIFT_REG[14]_i_1/O
                         net (fo=12, routed)          0.393     4.419    design_1_i/gmii_to_rgmii_0/U0/design_1_gmii_to_rgmii_0_0_core/i_gmii_to_rgmii/i_MANAGEMENT/MDIO_INTERFACE_1/SHIFT_REG[14]_i_1_n_0
    SLICE_X4Y69          FDRE                                         r  design_1_i/gmii_to_rgmii_0/U0/design_1_gmii_to_rgmii_0_0_core/i_gmii_to_rgmii/i_MANAGEMENT/MDIO_INTERFACE_1/SHIFT_REG_reg[0]/R
  -------------------------------------------------------------------    -------------------

                         (clock clk_fpga_0 rise edge)
                                                      5.000     5.000 r  
    PS7_X0Y0             PS7                          0.000     5.000 r  design_1_i/processing_system7_0/inst/PS7_i/FCLKCLK[0]
                         net (fo=1, routed)           1.241     6.241    design_1_i/processing_system7_0/inst/FCLK_CLK_unbuffered[0]
    BUFGCTRL_X0Y26       BUFG (Prop_bufg_I_O)         0.083     6.324 r  design_1_i/processing_system7_0/inst/buffer_fclk_clk_0.FCLK_CLK_0_BUFG/O
                         net (fo=119, routed)         1.403     7.727    design_1_i/gmii_to_rgmii_0/U0/design_1_gmii_to_rgmii_0_0_core/i_gmii_to_rgmii/i_MANAGEMENT/MDIO_INTERFACE_1/ref_clk
    SLICE_X4Y69          FDRE                                         r  design_1_i/gmii_to_rgmii_0/U0/design_1_gmii_to_rgmii_0_0_core/i_gmii_to_rgmii/i_MANAGEMENT/MDIO_INTERFACE_1/SHIFT_REG_reg[0]/C
                         clock pessimism              0.221     7.948    
                         clock uncertainty           -0.083     7.865    
    SLICE_X4Y69          FDRE (Setup_fdre_C_R)       -0.281     7.584    design_1_i/gmii_to_rgmii_0/U0/design_1_gmii_to_rgmii_0_0_core/i_gmii_to_rgmii/i_MANAGEMENT/MDIO_INTERFACE_1/SHIFT_REG_reg[0]
  -------------------------------------------------------------------
                         required time                          7.584    
                         arrival time                          -4.419    
  -------------------------------------------------------------------
                         slack                                  3.165    

Slack (MET) :             3.165ns  (required time - arrival time)
  Source:                 design_1_i/gmii_to_rgmii_0/U0/design_1_gmii_to_rgmii_0_0_core/i_gmii_to_rgmii/i_MANAGEMENT/MDIO_INTERFACE_1/BIT_COUNT_reg[0]/C
                            (rising edge-triggered cell FDRE clocked by clk_fpga_0  {rise@0.000ns fall@2.500ns period=5.000ns})
  Destination:            design_1_i/gmii_to_rgmii_0/U0/design_1_gmii_to_rgmii_0_0_core/i_gmii_to_rgmii/i_MANAGEMENT/MDIO_INTERFACE_1/SHIFT_REG_reg[1]/R
                            (rising edge-triggered cell FDRE clocked by clk_fpga_0  {rise@0.000ns fall@2.500ns period=5.000ns})
  Path Group:             clk_fpga_0
  Path Type:              Setup (Max at Slow Process Corner)
  Requirement:            5.000ns  (clk_fpga_0 rise@5.000ns - clk_fpga_0 rise@0.000ns)
  Data Path Delay:        1.447ns  (logic 0.302ns (20.867%)  route 1.145ns (79.133%))
  Logic Levels:           1  (LUT6=1)
  Clock Path Skew:        -0.024ns (DCD - SCD + CPR)
    Destination Clock Delay (DCD):    2.727ns = ( 7.727 - 5.000 ) 
    Source Clock Delay      (SCD):    2.972ns
    Clock Pessimism Removal (CPR):    0.221ns
  Clock Uncertainty:      0.083ns  ((TSJ^2 + TIJ^2)^1/2 + DJ) / 2 + PE
    Total System Jitter     (TSJ):    0.071ns
    Total Input Jitter      (TIJ):    0.150ns
    Discrete Jitter          (DJ):    0.000ns
    Phase Error              (PE):    0.000ns

    Location             Delay type                Incr(ns)  Path(ns)    Netlist Resource(s)
  -------------------------------------------------------------------    -------------------
                         (clock clk_fpga_0 rise edge)
                                                      0.000     0.000 r  
    PS7_X0Y0             PS7                          0.000     0.000 r  design_1_i/processing_system7_0/inst/PS7_i/FCLKCLK[0]
                         net (fo=1, routed)           1.339     1.339    design_1_i/processing_system7_0/inst/FCLK_CLK_unbuffered[0]
    BUFGCTRL_X0Y26       BUFG (Prop_bufg_I_O)         0.093     1.432 r  design_1_i/processing_system7_0/inst/buffer_fclk_clk_0.FCLK_CLK_0_BUFG/O
                         net (fo=119, routed)         1.540     2.972    design_1_i/gmii_to_rgmii_0/U0/design_1_gmii_to_rgmii_0_0_core/i_gmii_to_rgmii/i_MANAGEMENT/MDIO_INTERFACE_1/ref_clk
    SLICE_X6Y67          FDRE                                         r  design_1_i/gmii_to_rgmii_0/U0/design_1_gmii_to_rgmii_0_0_core/i_gmii_to_rgmii/i_MANAGEMENT/MDIO_INTERFACE_1/BIT_COUNT_reg[0]/C
  -------------------------------------------------------------------    -------------------
    SLICE_X6Y67          FDRE (Prop_fdre_C_Q)         0.259     3.231 f  design_1_i/gmii_to_rgmii_0/U0/design_1_gmii_to_rgmii_0_0_core/i_gmii_to_rgmii/i_MANAGEMENT/MDIO_INTERFACE_1/BIT_COUNT_reg[0]/Q
                         net (fo=12, routed)          0.752     3.983    design_1_i/gmii_to_rgmii_0/U0/design_1_gmii_to_rgmii_0_0_core/i_gmii_to_rgmii/i_MANAGEMENT/MDIO_INTERFACE_1/BIT_COUNT_reg[0]
    SLICE_X4Y69          LUT6 (Prop_lut6_I1_O)        0.043     4.026 r  design_1_i/gmii_to_rgmii_0/U0/design_1_gmii_to_rgmii_0_0_core/i_gmii_to_rgmii/i_MANAGEMENT/MDIO_INTERFACE_1/SHIFT_REG[14]_i_1/O
                         net (fo=12, routed)          0.393     4.419    design_1_i/gmii_to_rgmii_0/U0/design_1_gmii_to_rgmii_0_0_core/i_gmii_to_rgmii/i_MANAGEMENT/MDIO_INTERFACE_1/SHIFT_REG[14]_i_1_n_0
    SLICE_X4Y69          FDRE                                         r  design_1_i/gmii_to_rgmii_0/U0/design_1_gmii_to_rgmii_0_0_core/i_gmii_to_rgmii/i_MANAGEMENT/MDIO_INTERFACE_1/SHIFT_REG_reg[1]/R
  -------------------------------------------------------------------    -------------------

                         (clock clk_fpga_0 rise edge)
                                                      5.000     5.000 r  
    PS7_X0Y0             PS7                          0.000     5.000 r  design_1_i/processing_system7_0/inst/PS7_i/FCLKCLK[0]
                         net (fo=1, routed)           1.241     6.241    design_1_i/processing_system7_0/inst/FCLK_CLK_unbuffered[0]
    BUFGCTRL_X0Y26       BUFG (Prop_bufg_I_O)         0.083     6.324 r  design_1_i/processing_system7_0/inst/buffer_fclk_clk_0.FCLK_CLK_0_BUFG/O
                         net (fo=119, routed)         1.403     7.727    design_1_i/gmii_to_rgmii_0/U0/design_1_gmii_to_rgmii_0_0_core/i_gmii_to_rgmii/i_MANAGEMENT/MDIO_INTERFACE_1/ref_clk
    SLICE_X4Y69          FDRE                                         r  design_1_i/gmii_to_rgmii_0/U0/design_1_gmii_to_rgmii_0_0_core/i_gmii_to_rgmii/i_MANAGEMENT/MDIO_INTERFACE_1/SHIFT_REG_reg[1]/C
                         clock pessimism              0.221     7.948    
                         clock uncertainty           -0.083     7.865    
    SLICE_X4Y69          FDRE (Setup_fdre_C_R)       -0.281     7.584    design_1_i/gmii_to_rgmii_0/U0/design_1_gmii_to_rgmii_0_0_core/i_gmii_to_rgmii/i_MANAGEMENT/MDIO_INTERFACE_1/SHIFT_REG_reg[1]
  -------------------------------------------------------------------
                         required time                          7.584    
                         arrival time                          -4.419    
  -------------------------------------------------------------------
                         slack                                  3.165    

Slack (MET) :             3.165ns  (required time - arrival time)
  Source:                 design_1_i/gmii_to_rgmii_0/U0/design_1_gmii_to_rgmii_0_0_core/i_gmii_to_rgmii/i_MANAGEMENT/MDIO_INTERFACE_1/BIT_COUNT_reg[0]/C
                            (rising edge-triggered cell FDRE clocked by clk_fpga_0  {rise@0.000ns fall@2.500ns period=5.000ns})
  Destination:            design_1_i/gmii_to_rgmii_0/U0/design_1_gmii_to_rgmii_0_0_core/i_gmii_to_rgmii/i_MANAGEMENT/MDIO_INTERFACE_1/SHIFT_REG_reg[2]/R
                            (rising edge-triggered cell FDRE clocked by clk_fpga_0  {rise@0.000ns fall@2.500ns period=5.000ns})
  Path Group:             clk_fpga_0
  Path Type:              Setup (Max at Slow Process Corner)
  Requirement:            5.000ns  (clk_fpga_0 rise@5.000ns - clk_fpga_0 rise@0.000ns)
  Data Path Delay:        1.447ns  (logic 0.302ns (20.867%)  route 1.145ns (79.133%))
  Logic Levels:           1  (LUT6=1)
  Clock Path Skew:        -0.024ns (DCD - SCD + CPR)
    Destination Clock Delay (DCD):    2.727ns = ( 7.727 - 5.000 ) 
    Source Clock Delay      (SCD):    2.972ns
    Clock Pessimism Removal (CPR):    0.221ns
  Clock Uncertainty:      0.083ns  ((TSJ^2 + TIJ^2)^1/2 + DJ) / 2 + PE
    Total System Jitter     (TSJ):    0.071ns
    Total Input Jitter      (TIJ):    0.150ns
    Discrete Jitter          (DJ):    0.000ns
    Phase Error              (PE):    0.000ns

    Location             Delay type                Incr(ns)  Path(ns)    Netlist Resource(s)
  -------------------------------------------------------------------    -------------------
                         (clock clk_fpga_0 rise edge)
                                                      0.000     0.000 r  
    PS7_X0Y0             PS7                          0.000     0.000 r  design_1_i/processing_system7_0/inst/PS7_i/FCLKCLK[0]
                         net (fo=1, routed)           1.339     1.339    design_1_i/processing_system7_0/inst/FCLK_CLK_unbuffered[0]
    BUFGCTRL_X0Y26       BUFG (Prop_bufg_I_O)         0.093     1.432 r  design_1_i/processing_system7_0/inst/buffer_fclk_clk_0.FCLK_CLK_0_BUFG/O
                         net (fo=119, routed)         1.540     2.972    design_1_i/gmii_to_rgmii_0/U0/design_1_gmii_to_rgmii_0_0_core/i_gmii_to_rgmii/i_MANAGEMENT/MDIO_INTERFACE_1/ref_clk
    SLICE_X6Y67          FDRE                                         r  design_1_i/gmii_to_rgmii_0/U0/design_1_gmii_to_rgmii_0_0_core/i_gmii_to_rgmii/i_MANAGEMENT/MDIO_INTERFACE_1/BIT_COUNT_reg[0]/C
  -------------------------------------------------------------------    -------------------
    SLICE_X6Y67          FDRE (Prop_fdre_C_Q)         0.259     3.231 f  design_1_i/gmii_to_rgmii_0/U0/design_1_gmii_to_rgmii_0_0_core/i_gmii_to_rgmii/i_MANAGEMENT/MDIO_INTERFACE_1/BIT_COUNT_reg[0]/Q
                         net (fo=12, routed)          0.752     3.983    design_1_i/gmii_to_rgmii_0/U0/design_1_gmii_to_rgmii_0_0_core/i_gmii_to_rgmii/i_MANAGEMENT/MDIO_INTERFACE_1/BIT_COUNT_reg[0]
    SLICE_X4Y69          LUT6 (Prop_lut6_I1_O)        0.043     4.026 r  design_1_i/gmii_to_rgmii_0/U0/design_1_gmii_to_rgmii_0_0_core/i_gmii_to_rgmii/i_MANAGEMENT/MDIO_INTERFACE_1/SHIFT_REG[14]_i_1/O
                         net (fo=12, routed)          0.393     4.419    design_1_i/gmii_to_rgmii_0/U0/design_1_gmii_to_rgmii_0_0_core/i_gmii_to_rgmii/i_MANAGEMENT/MDIO_INTERFACE_1/SHIFT_REG[14]_i_1_n_0
    SLICE_X4Y69          FDRE                                         r  design_1_i/gmii_to_rgmii_0/U0/design_1_gmii_to_rgmii_0_0_core/i_gmii_to_rgmii/i_MANAGEMENT/MDIO_INTERFACE_1/SHIFT_REG_reg[2]/R
  -------------------------------------------------------------------    -------------------

                         (clock clk_fpga_0 rise edge)
                                                      5.000     5.000 r  
    PS7_X0Y0             PS7                          0.000     5.000 r  design_1_i/processing_system7_0/inst/PS7_i/FCLKCLK[0]
                         net (fo=1, routed)           1.241     6.241    design_1_i/processing_system7_0/inst/FCLK_CLK_unbuffered[0]
    BUFGCTRL_X0Y26       BUFG (Prop_bufg_I_O)         0.083     6.324 r  design_1_i/processing_system7_0/inst/buffer_fclk_clk_0.FCLK_CLK_0_BUFG/O
                         net (fo=119, routed)         1.403     7.727    design_1_i/gmii_to_rgmii_0/U0/design_1_gmii_to_rgmii_0_0_core/i_gmii_to_rgmii/i_MANAGEMENT/MDIO_INTERFACE_1/ref_clk
    SLICE_X4Y69          FDRE                                         r  design_1_i/gmii_to_rgmii_0/U0/design_1_gmii_to_rgmii_0_0_core/i_gmii_to_rgmii/i_MANAGEMENT/MDIO_INTERFACE_1/SHIFT_REG_reg[2]/C
                         clock pessimism              0.221     7.948    
                         clock uncertainty           -0.083     7.865    
    SLICE_X4Y69          FDRE (Setup_fdre_C_R)       -0.281     7.584    design_1_i/gmii_to_rgmii_0/U0/design_1_gmii_to_rgmii_0_0_core/i_gmii_to_rgmii/i_MANAGEMENT/MDIO_INTERFACE_1/SHIFT_REG_reg[2]
  -------------------------------------------------------------------
                         required time                          7.584    
                         arrival time                          -4.419    
  -------------------------------------------------------------------
                         slack                                  3.165    

Slack (MET) :             3.165ns  (required time - arrival time)
  Source:                 design_1_i/gmii_to_rgmii_0/U0/design_1_gmii_to_rgmii_0_0_core/i_gmii_to_rgmii/i_MANAGEMENT/MDIO_INTERFACE_1/BIT_COUNT_reg[0]/C
                            (rising edge-triggered cell FDRE clocked by clk_fpga_0  {rise@0.000ns fall@2.500ns period=5.000ns})
  Destination:            design_1_i/gmii_to_rgmii_0/U0/design_1_gmii_to_rgmii_0_0_core/i_gmii_to_rgmii/i_MANAGEMENT/MDIO_INTERFACE_1/SHIFT_REG_reg[3]/R
                            (rising edge-triggered cell FDRE clocked by clk_fpga_0  {rise@0.000ns fall@2.500ns period=5.000ns})
  Path Group:             clk_fpga_0
  Path Type:              Setup (Max at Slow Process Corner)
  Requirement:            5.000ns  (clk_fpga_0 rise@5.000ns - clk_fpga_0 rise@0.000ns)
  Data Path Delay:        1.447ns  (logic 0.302ns (20.867%)  route 1.145ns (79.133%))
  Logic Levels:           1  (LUT6=1)
  Clock Path Skew:        -0.024ns (DCD - SCD + CPR)
    Destination Clock Delay (DCD):    2.727ns = ( 7.727 - 5.000 ) 
    Source Clock Delay      (SCD):    2.972ns
    Clock Pessimism Removal (CPR):    0.221ns
  Clock Uncertainty:      0.083ns  ((TSJ^2 + TIJ^2)^1/2 + DJ) / 2 + PE
    Total System Jitter     (TSJ):    0.071ns
    Total Input Jitter      (TIJ):    0.150ns
    Discrete Jitter          (DJ):    0.000ns
    Phase Error              (PE):    0.000ns

    Location             Delay type                Incr(ns)  Path(ns)    Netlist Resource(s)
  -------------------------------------------------------------------    -------------------
                         (clock clk_fpga_0 rise edge)
                                                      0.000     0.000 r  
    PS7_X0Y0             PS7                          0.000     0.000 r  design_1_i/processing_system7_0/inst/PS7_i/FCLKCLK[0]
                         net (fo=1, routed)           1.339     1.339    design_1_i/processing_system7_0/inst/FCLK_CLK_unbuffered[0]
    BUFGCTRL_X0Y26       BUFG (Prop_bufg_I_O)         0.093     1.432 r  design_1_i/processing_system7_0/inst/buffer_fclk_clk_0.FCLK_CLK_0_BUFG/O
                         net (fo=119, routed)         1.540     2.972    design_1_i/gmii_to_rgmii_0/U0/design_1_gmii_to_rgmii_0_0_core/i_gmii_to_rgmii/i_MANAGEMENT/MDIO_INTERFACE_1/ref_clk
    SLICE_X6Y67          FDRE                                         r  design_1_i/gmii_to_rgmii_0/U0/design_1_gmii_to_rgmii_0_0_core/i_gmii_to_rgmii/i_MANAGEMENT/MDIO_INTERFACE_1/BIT_COUNT_reg[0]/C
  -------------------------------------------------------------------    -------------------
    SLICE_X6Y67          FDRE (Prop_fdre_C_Q)         0.259     3.231 f  design_1_i/gmii_to_rgmii_0/U0/design_1_gmii_to_rgmii_0_0_core/i_gmii_to_rgmii/i_MANAGEMENT/MDIO_INTERFACE_1/BIT_COUNT_reg[0]/Q
                         net (fo=12, routed)          0.752     3.983    design_1_i/gmii_to_rgmii_0/U0/design_1_gmii_to_rgmii_0_0_core/i_gmii_to_rgmii/i_MANAGEMENT/MDIO_INTERFACE_1/BIT_COUNT_reg[0]
    SLICE_X4Y69          LUT6 (Prop_lut6_I1_O)        0.043     4.026 r  design_1_i/gmii_to_rgmii_0/U0/design_1_gmii_to_rgmii_0_0_core/i_gmii_to_rgmii/i_MANAGEMENT/MDIO_INTERFACE_1/SHIFT_REG[14]_i_1/O
                         net (fo=12, routed)          0.393     4.419    design_1_i/gmii_to_rgmii_0/U0/design_1_gmii_to_rgmii_0_0_core/i_gmii_to_rgmii/i_MANAGEMENT/MDIO_INTERFACE_1/SHIFT_REG[14]_i_1_n_0
    SLICE_X4Y69          FDRE                                         r  design_1_i/gmii_to_rgmii_0/U0/design_1_gmii_to_rgmii_0_0_core/i_gmii_to_rgmii/i_MANAGEMENT/MDIO_INTERFACE_1/SHIFT_REG_reg[3]/R
  -------------------------------------------------------------------    -------------------

                         (clock clk_fpga_0 rise edge)
                                                      5.000     5.000 r  
    PS7_X0Y0             PS7                          0.000     5.000 r  design_1_i/processing_system7_0/inst/PS7_i/FCLKCLK[0]
                         net (fo=1, routed)           1.241     6.241    design_1_i/processing_system7_0/inst/FCLK_CLK_unbuffered[0]
    BUFGCTRL_X0Y26       BUFG (Prop_bufg_I_O)         0.083     6.324 r  design_1_i/processing_system7_0/inst/buffer_fclk_clk_0.FCLK_CLK_0_BUFG/O
                         net (fo=119, routed)         1.403     7.727    design_1_i/gmii_to_rgmii_0/U0/design_1_gmii_to_rgmii_0_0_core/i_gmii_to_rgmii/i_MANAGEMENT/MDIO_INTERFACE_1/ref_clk
    SLICE_X4Y69          FDRE                                         r  design_1_i/gmii_to_rgmii_0/U0/design_1_gmii_to_rgmii_0_0_core/i_gmii_to_rgmii/i_MANAGEMENT/MDIO_INTERFACE_1/SHIFT_REG_reg[3]/C
                         clock pessimism              0.221     7.948    
                         clock uncertainty           -0.083     7.865    
    SLICE_X4Y69          FDRE (Setup_fdre_C_R)       -0.281     7.584    design_1_i/gmii_to_rgmii_0/U0/design_1_gmii_to_rgmii_0_0_core/i_gmii_to_rgmii/i_MANAGEMENT/MDIO_INTERFACE_1/SHIFT_REG_reg[3]
  -------------------------------------------------------------------
                         required time                          7.584    
                         arrival time                          -4.419    
  -------------------------------------------------------------------
                         slack                                  3.165    

Slack (MET) :             3.198ns  (required time - arrival time)
  Source:                 design_1_i/gmii_to_rgmii_0/U0/design_1_gmii_to_rgmii_0_0_core/i_gmii_to_rgmii/i_MANAGEMENT/MDIO_INTERFACE_1/BIT_COUNT_reg[0]/C
                            (rising edge-triggered cell FDRE clocked by clk_fpga_0  {rise@0.000ns fall@2.500ns period=5.000ns})
  Destination:            design_1_i/gmii_to_rgmii_0/U0/design_1_gmii_to_rgmii_0_0_core/i_gmii_to_rgmii/i_MANAGEMENT/MDIO_INTERFACE_1/SHIFT_REG_reg[14]/R
                            (rising edge-triggered cell FDRE clocked by clk_fpga_0  {rise@0.000ns fall@2.500ns period=5.000ns})
  Path Group:             clk_fpga_0
  Path Type:              Setup (Max at Slow Process Corner)
  Requirement:            5.000ns  (clk_fpga_0 rise@5.000ns - clk_fpga_0 rise@0.000ns)
  Data Path Delay:        1.367ns  (logic 0.302ns (22.084%)  route 1.065ns (77.916%))
  Logic Levels:           1  (LUT6=1)
  Clock Path Skew:        -0.048ns (DCD - SCD + CPR)
    Destination Clock Delay (DCD):    2.728ns = ( 7.728 - 5.000 ) 
    Source Clock Delay      (SCD):    2.972ns
    Clock Pessimism Removal (CPR):    0.196ns
  Clock Uncertainty:      0.083ns  ((TSJ^2 + TIJ^2)^1/2 + DJ) / 2 + PE
    Total System Jitter     (TSJ):    0.071ns
    Total Input Jitter      (TIJ):    0.150ns
    Discrete Jitter          (DJ):    0.000ns
    Phase Error              (PE):    0.000ns

    Location             Delay type                Incr(ns)  Path(ns)    Netlist Resource(s)
  -------------------------------------------------------------------    -------------------
                         (clock clk_fpga_0 rise edge)
                                                      0.000     0.000 r  
    PS7_X0Y0             PS7                          0.000     0.000 r  design_1_i/processing_system7_0/inst/PS7_i/FCLKCLK[0]
                         net (fo=1, routed)           1.339     1.339    design_1_i/processing_system7_0/inst/FCLK_CLK_unbuffered[0]
    BUFGCTRL_X0Y26       BUFG (Prop_bufg_I_O)         0.093     1.432 r  design_1_i/processing_system7_0/inst/buffer_fclk_clk_0.FCLK_CLK_0_BUFG/O
                         net (fo=119, routed)         1.540     2.972    design_1_i/gmii_to_rgmii_0/U0/design_1_gmii_to_rgmii_0_0_core/i_gmii_to_rgmii/i_MANAGEMENT/MDIO_INTERFACE_1/ref_clk
    SLICE_X6Y67          FDRE                                         r  design_1_i/gmii_to_rgmii_0/U0/design_1_gmii_to_rgmii_0_0_core/i_gmii_to_rgmii/i_MANAGEMENT/MDIO_INTERFACE_1/BIT_COUNT_reg[0]/C
  -------------------------------------------------------------------    -------------------
    SLICE_X6Y67          FDRE (Prop_fdre_C_Q)         0.259     3.231 f  design_1_i/gmii_to_rgmii_0/U0/design_1_gmii_to_rgmii_0_0_core/i_gmii_to_rgmii/i_MANAGEMENT/MDIO_INTERFACE_1/BIT_COUNT_reg[0]/Q
                         net (fo=12, routed)          0.752     3.983    design_1_i/gmii_to_rgmii_0/U0/design_1_gmii_to_rgmii_0_0_core/i_gmii_to_rgmii/i_MANAGEMENT/MDIO_INTERFACE_1/BIT_COUNT_reg[0]
    SLICE_X4Y69          LUT6 (Prop_lut6_I1_O)        0.043     4.026 r  design_1_i/gmii_to_rgmii_0/U0/design_1_gmii_to_rgmii_0_0_core/i_gmii_to_rgmii/i_MANAGEMENT/MDIO_INTERFACE_1/SHIFT_REG[14]_i_1/O
                         net (fo=12, routed)          0.314     4.339    design_1_i/gmii_to_rgmii_0/U0/design_1_gmii_to_rgmii_0_0_core/i_gmii_to_rgmii/i_MANAGEMENT/MDIO_INTERFACE_1/SHIFT_REG[14]_i_1_n_0
    SLICE_X3Y70          FDRE                                         r  design_1_i/gmii_to_rgmii_0/U0/design_1_gmii_to_rgmii_0_0_core/i_gmii_to_rgmii/i_MANAGEMENT/MDIO_INTERFACE_1/SHIFT_REG_reg[14]/R
  -------------------------------------------------------------------    -------------------

                         (clock clk_fpga_0 rise edge)
                                                      5.000     5.000 r  
    PS7_X0Y0             PS7                          0.000     5.000 r  design_1_i/processing_system7_0/inst/PS7_i/FCLKCLK[0]
                         net (fo=1, routed)           1.241     6.241    design_1_i/processing_system7_0/inst/FCLK_CLK_unbuffered[0]
    BUFGCTRL_X0Y26       BUFG (Prop_bufg_I_O)         0.083     6.324 r  design_1_i/processing_system7_0/inst/buffer_fclk_clk_0.FCLK_CLK_0_BUFG/O
                         net (fo=119, routed)         1.404     7.728    design_1_i/gmii_to_rgmii_0/U0/design_1_gmii_to_rgmii_0_0_core/i_gmii_to_rgmii/i_MANAGEMENT/MDIO_INTERFACE_1/ref_clk
    SLICE_X3Y70          FDRE                                         r  design_1_i/gmii_to_rgmii_0/U0/design_1_gmii_to_rgmii_0_0_core/i_gmii_to_rgmii/i_MANAGEMENT/MDIO_INTERFACE_1/SHIFT_REG_reg[14]/C
                         clock pessimism              0.196     7.924    
                         clock uncertainty           -0.083     7.841    
    SLICE_X3Y70          FDRE (Setup_fdre_C_R)       -0.304     7.537    design_1_i/gmii_to_rgmii_0/U0/design_1_gmii_to_rgmii_0_0_core/i_gmii_to_rgmii/i_MANAGEMENT/MDIO_INTERFACE_1/SHIFT_REG_reg[14]
  -------------------------------------------------------------------
                         required time                          7.537    
                         arrival time                          -4.339    
  -------------------------------------------------------------------
                         slack                                  3.198    

Slack (MET) :             3.235ns  (required time - arrival time)
  Source:                 design_1_i/gmii_to_rgmii_0/U0/design_1_gmii_to_rgmii_0_0_core/i_gmii_to_rgmii/i_MANAGEMENT/MDIO_INTERFACE_1/BIT_COUNT_reg[1]/C
                            (rising edge-triggered cell FDRE clocked by clk_fpga_0  {rise@0.000ns fall@2.500ns period=5.000ns})
  Destination:            design_1_i/gmii_to_rgmii_0/U0/design_1_gmii_to_rgmii_0_0_core/i_gmii_to_rgmii/i_MANAGEMENT/MDIO_INTERFACE_1/BIT_COUNT_reg[0]/CE
                            (rising edge-triggered cell FDRE clocked by clk_fpga_0  {rise@0.000ns fall@2.500ns period=5.000ns})
  Path Group:             clk_fpga_0
  Path Type:              Setup (Max at Slow Process Corner)
  Requirement:            5.000ns  (clk_fpga_0 rise@5.000ns - clk_fpga_0 rise@0.000ns)
  Data Path Delay:        1.504ns  (logic 0.345ns (22.931%)  route 1.159ns (77.069%))
  Logic Levels:           2  (LUT4=1 LUT5=1)
  Clock Path Skew:        0.000ns (DCD - SCD + CPR)
    Destination Clock Delay (DCD):    2.728ns = ( 7.728 - 5.000 ) 
    Source Clock Delay      (SCD):    2.972ns
    Clock Pessimism Removal (CPR):    0.244ns
  Clock Uncertainty:      0.083ns  ((TSJ^2 + TIJ^2)^1/2 + DJ) / 2 + PE
    Total System Jitter     (TSJ):    0.071ns
    Total Input Jitter      (TIJ):    0.150ns
    Discrete Jitter          (DJ):    0.000ns
    Phase Error              (PE):    0.000ns

    Location             Delay type                Incr(ns)  Path(ns)    Netlist Resource(s)
  -------------------------------------------------------------------    -------------------
                         (clock clk_fpga_0 rise edge)
                                                      0.000     0.000 r  
    PS7_X0Y0             PS7                          0.000     0.000 r  design_1_i/processing_system7_0/inst/PS7_i/FCLKCLK[0]
                         net (fo=1, routed)           1.339     1.339    design_1_i/processing_system7_0/inst/FCLK_CLK_unbuffered[0]
    BUFGCTRL_X0Y26       BUFG (Prop_bufg_I_O)         0.093     1.432 r  design_1_i/processing_system7_0/inst/buffer_fclk_clk_0.FCLK_CLK_0_BUFG/O
                         net (fo=119, routed)         1.540     2.972    design_1_i/gmii_to_rgmii_0/U0/design_1_gmii_to_rgmii_0_0_core/i_gmii_to_rgmii/i_MANAGEMENT/MDIO_INTERFACE_1/ref_clk
    SLICE_X6Y67          FDRE                                         r  design_1_i/gmii_to_rgmii_0/U0/design_1_gmii_to_rgmii_0_0_core/i_gmii_to_rgmii/i_MANAGEMENT/MDIO_INTERFACE_1/BIT_COUNT_reg[1]/C
  -------------------------------------------------------------------    -------------------
    SLICE_X6Y67          FDRE (Prop_fdre_C_Q)         0.259     3.231 r  design_1_i/gmii_to_rgmii_0/U0/design_1_gmii_to_rgmii_0_0_core/i_gmii_to_rgmii/i_MANAGEMENT/MDIO_INTERFACE_1/BIT_COUNT_reg[1]/Q
                         net (fo=11, routed)          0.598     3.829    design_1_i/gmii_to_rgmii_0/U0/design_1_gmii_to_rgmii_0_0_core/i_gmii_to_rgmii/i_MANAGEMENT/MDIO_INTERFACE_1/BIT_COUNT_reg[1]
    SLICE_X6Y68          LUT4 (Prop_lut4_I0_O)        0.043     3.872 f  design_1_i/gmii_to_rgmii_0/U0/design_1_gmii_to_rgmii_0_0_core/i_gmii_to_rgmii/i_MANAGEMENT/MDIO_INTERFACE_1/MDIO_OUT_i_2/O
                         net (fo=3, routed)           0.445     4.317    design_1_i/gmii_to_rgmii_0/U0/design_1_gmii_to_rgmii_0_0_core/i_gmii_to_rgmii/i_MANAGEMENT/MDIO_INTERFACE_1/MDIO_OUT_i_2_n_0
    SLICE_X6Y67          LUT5 (Prop_lut5_I1_O)        0.043     4.360 r  design_1_i/gmii_to_rgmii_0/U0/design_1_gmii_to_rgmii_0_0_core/i_gmii_to_rgmii/i_MANAGEMENT/MDIO_INTERFACE_1/BIT_COUNT[3]_i_1/O
                         net (fo=4, routed)           0.116     4.476    design_1_i/gmii_to_rgmii_0/U0/design_1_gmii_to_rgmii_0_0_core/i_gmii_to_rgmii/i_MANAGEMENT/MDIO_INTERFACE_1/BIT_COUNT
    SLICE_X6Y67          FDRE                                         r  design_1_i/gmii_to_rgmii_0/U0/design_1_gmii_to_rgmii_0_0_core/i_gmii_to_rgmii/i_MANAGEMENT/MDIO_INTERFACE_1/BIT_COUNT_reg[0]/CE
  -------------------------------------------------------------------    -------------------

                         (clock clk_fpga_0 rise edge)
                                                      5.000     5.000 r  
    PS7_X0Y0             PS7                          0.000     5.000 r  design_1_i/processing_system7_0/inst/PS7_i/FCLKCLK[0]
                         net (fo=1, routed)           1.241     6.241    design_1_i/processing_system7_0/inst/FCLK_CLK_unbuffered[0]
    BUFGCTRL_X0Y26       BUFG (Prop_bufg_I_O)         0.083     6.324 r  design_1_i/processing_system7_0/inst/buffer_fclk_clk_0.FCLK_CLK_0_BUFG/O
                         net (fo=119, routed)         1.404     7.728    design_1_i/gmii_to_rgmii_0/U0/design_1_gmii_to_rgmii_0_0_core/i_gmii_to_rgmii/i_MANAGEMENT/MDIO_INTERFACE_1/ref_clk
    SLICE_X6Y67          FDRE                                         r  design_1_i/gmii_to_rgmii_0/U0/design_1_gmii_to_rgmii_0_0_core/i_gmii_to_rgmii/i_MANAGEMENT/MDIO_INTERFACE_1/BIT_COUNT_reg[0]/C
                         clock pessimism              0.244     7.972    
                         clock uncertainty           -0.083     7.889    
    SLICE_X6Y67          FDRE (Setup_fdre_C_CE)      -0.178     7.711    design_1_i/gmii_to_rgmii_0/U0/design_1_gmii_to_rgmii_0_0_core/i_gmii_to_rgmii/i_MANAGEMENT/MDIO_INTERFACE_1/BIT_COUNT_reg[0]
  -------------------------------------------------------------------
                         required time                          7.711    
                         arrival time                          -4.476    
  -------------------------------------------------------------------
                         slack                                  3.235    

Slack (MET) :             3.235ns  (required time - arrival time)
  Source:                 design_1_i/gmii_to_rgmii_0/U0/design_1_gmii_to_rgmii_0_0_core/i_gmii_to_rgmii/i_MANAGEMENT/MDIO_INTERFACE_1/BIT_COUNT_reg[1]/C
                            (rising edge-triggered cell FDRE clocked by clk_fpga_0  {rise@0.000ns fall@2.500ns period=5.000ns})
  Destination:            design_1_i/gmii_to_rgmii_0/U0/design_1_gmii_to_rgmii_0_0_core/i_gmii_to_rgmii/i_MANAGEMENT/MDIO_INTERFACE_1/BIT_COUNT_reg[1]/CE
                            (rising edge-triggered cell FDRE clocked by clk_fpga_0  {rise@0.000ns fall@2.500ns period=5.000ns})
  Path Group:             clk_fpga_0
  Path Type:              Setup (Max at Slow Process Corner)
  Requirement:            5.000ns  (clk_fpga_0 rise@5.000ns - clk_fpga_0 rise@0.000ns)
  Data Path Delay:        1.504ns  (logic 0.345ns (22.931%)  route 1.159ns (77.069%))
  Logic Levels:           2  (LUT4=1 LUT5=1)
  Clock Path Skew:        0.000ns (DCD - SCD + CPR)
    Destination Clock Delay (DCD):    2.728ns = ( 7.728 - 5.000 ) 
    Source Clock Delay      (SCD):    2.972ns
    Clock Pessimism Removal (CPR):    0.244ns
  Clock Uncertainty:      0.083ns  ((TSJ^2 + TIJ^2)^1/2 + DJ) / 2 + PE
    Total System Jitter     (TSJ):    0.071ns
    Total Input Jitter      (TIJ):    0.150ns
    Discrete Jitter          (DJ):    0.000ns
    Phase Error              (PE):    0.000ns

    Location             Delay type                Incr(ns)  Path(ns)    Netlist Resource(s)
  -------------------------------------------------------------------    -------------------
                         (clock clk_fpga_0 rise edge)
                                                      0.000     0.000 r  
    PS7_X0Y0             PS7                          0.000     0.000 r  design_1_i/processing_system7_0/inst/PS7_i/FCLKCLK[0]
                         net (fo=1, routed)           1.339     1.339    design_1_i/processing_system7_0/inst/FCLK_CLK_unbuffered[0]
    BUFGCTRL_X0Y26       BUFG (Prop_bufg_I_O)         0.093     1.432 r  design_1_i/processing_system7_0/inst/buffer_fclk_clk_0.FCLK_CLK_0_BUFG/O
                         net (fo=119, routed)         1.540     2.972    design_1_i/gmii_to_rgmii_0/U0/design_1_gmii_to_rgmii_0_0_core/i_gmii_to_rgmii/i_MANAGEMENT/MDIO_INTERFACE_1/ref_clk
    SLICE_X6Y67          FDRE                                         r  design_1_i/gmii_to_rgmii_0/U0/design_1_gmii_to_rgmii_0_0_core/i_gmii_to_rgmii/i_MANAGEMENT/MDIO_INTERFACE_1/BIT_COUNT_reg[1]/C
  -------------------------------------------------------------------    -------------------
    SLICE_X6Y67          FDRE (Prop_fdre_C_Q)         0.259     3.231 r  design_1_i/gmii_to_rgmii_0/U0/design_1_gmii_to_rgmii_0_0_core/i_gmii_to_rgmii/i_MANAGEMENT/MDIO_INTERFACE_1/BIT_COUNT_reg[1]/Q
                         net (fo=11, routed)          0.598     3.829    design_1_i/gmii_to_rgmii_0/U0/design_1_gmii_to_rgmii_0_0_core/i_gmii_to_rgmii/i_MANAGEMENT/MDIO_INTERFACE_1/BIT_COUNT_reg[1]
    SLICE_X6Y68          LUT4 (Prop_lut4_I0_O)        0.043     3.872 f  design_1_i/gmii_to_rgmii_0/U0/design_1_gmii_to_rgmii_0_0_core/i_gmii_to_rgmii/i_MANAGEMENT/MDIO_INTERFACE_1/MDIO_OUT_i_2/O
                         net (fo=3, routed)           0.445     4.317    design_1_i/gmii_to_rgmii_0/U0/design_1_gmii_to_rgmii_0_0_core/i_gmii_to_rgmii/i_MANAGEMENT/MDIO_INTERFACE_1/MDIO_OUT_i_2_n_0
    SLICE_X6Y67          LUT5 (Prop_lut5_I1_O)        0.043     4.360 r  design_1_i/gmii_to_rgmii_0/U0/design_1_gmii_to_rgmii_0_0_core/i_gmii_to_rgmii/i_MANAGEMENT/MDIO_INTERFACE_1/BIT_COUNT[3]_i_1/O
                         net (fo=4, routed)           0.116     4.476    design_1_i/gmii_to_rgmii_0/U0/design_1_gmii_to_rgmii_0_0_core/i_gmii_to_rgmii/i_MANAGEMENT/MDIO_INTERFACE_1/BIT_COUNT
    SLICE_X6Y67          FDRE                                         r  design_1_i/gmii_to_rgmii_0/U0/design_1_gmii_to_rgmii_0_0_core/i_gmii_to_rgmii/i_MANAGEMENT/MDIO_INTERFACE_1/BIT_COUNT_reg[1]/CE
  -------------------------------------------------------------------    -------------------

                         (clock clk_fpga_0 rise edge)
                                                      5.000     5.000 r  
    PS7_X0Y0             PS7                          0.000     5.000 r  design_1_i/processing_system7_0/inst/PS7_i/FCLKCLK[0]
                         net (fo=1, routed)           1.241     6.241    design_1_i/processing_system7_0/inst/FCLK_CLK_unbuffered[0]
    BUFGCTRL_X0Y26       BUFG (Prop_bufg_I_O)         0.083     6.324 r  design_1_i/processing_system7_0/inst/buffer_fclk_clk_0.FCLK_CLK_0_BUFG/O
                         net (fo=119, routed)         1.404     7.728    design_1_i/gmii_to_rgmii_0/U0/design_1_gmii_to_rgmii_0_0_core/i_gmii_to_rgmii/i_MANAGEMENT/MDIO_INTERFACE_1/ref_clk
    SLICE_X6Y67          FDRE                                         r  design_1_i/gmii_to_rgmii_0/U0/design_1_gmii_to_rgmii_0_0_core/i_gmii_to_rgmii/i_MANAGEMENT/MDIO_INTERFACE_1/BIT_COUNT_reg[1]/C
                         clock pessimism              0.244     7.972    
                         clock uncertainty           -0.083     7.889    
    SLICE_X6Y67          FDRE (Setup_fdre_C_CE)      -0.178     7.711    design_1_i/gmii_to_rgmii_0/U0/design_1_gmii_to_rgmii_0_0_core/i_gmii_to_rgmii/i_MANAGEMENT/MDIO_INTERFACE_1/BIT_COUNT_reg[1]
  -------------------------------------------------------------------
                         required time                          7.711    
                         arrival time                          -4.476    
  -------------------------------------------------------------------
                         slack                                  3.235    

Slack (MET) :             3.306ns  (required time - arrival time)
  Source:                 design_1_i/gmii_to_rgmii_0/U0/design_1_gmii_to_rgmii_0_0_core/i_gmii_to_rgmii/i_MANAGEMENT/MDIO_INTERFACE_1/BIT_COUNT_reg[0]/C
                            (rising edge-triggered cell FDRE clocked by clk_fpga_0  {rise@0.000ns fall@2.500ns period=5.000ns})
  Destination:            design_1_i/gmii_to_rgmii_0/U0/design_1_gmii_to_rgmii_0_0_core/i_gmii_to_rgmii/i_MANAGEMENT/MDIO_INTERFACE_1/SHIFT_REG_reg[10]/R
                            (rising edge-triggered cell FDRE clocked by clk_fpga_0  {rise@0.000ns fall@2.500ns period=5.000ns})
  Path Group:             clk_fpga_0
  Path Type:              Setup (Max at Slow Process Corner)
  Requirement:            5.000ns  (clk_fpga_0 rise@5.000ns - clk_fpga_0 rise@0.000ns)
  Data Path Delay:        1.283ns  (logic 0.302ns (23.531%)  route 0.981ns (76.470%))
  Logic Levels:           1  (LUT6=1)
  Clock Path Skew:        -0.047ns (DCD - SCD + CPR)
    Destination Clock Delay (DCD):    2.729ns = ( 7.729 - 5.000 ) 
    Source Clock Delay      (SCD):    2.972ns
    Clock Pessimism Removal (CPR):    0.196ns
  Clock Uncertainty:      0.083ns  ((TSJ^2 + TIJ^2)^1/2 + DJ) / 2 + PE
    Total System Jitter     (TSJ):    0.071ns
    Total Input Jitter      (TIJ):    0.150ns
    Discrete Jitter          (DJ):    0.000ns
    Phase Error              (PE):    0.000ns

    Location             Delay type                Incr(ns)  Path(ns)    Netlist Resource(s)
  -------------------------------------------------------------------    -------------------
                         (clock clk_fpga_0 rise edge)
                                                      0.000     0.000 r  
    PS7_X0Y0             PS7                          0.000     0.000 r  design_1_i/processing_system7_0/inst/PS7_i/FCLKCLK[0]
                         net (fo=1, routed)           1.339     1.339    design_1_i/processing_system7_0/inst/FCLK_CLK_unbuffered[0]
    BUFGCTRL_X0Y26       BUFG (Prop_bufg_I_O)         0.093     1.432 r  design_1_i/processing_system7_0/inst/buffer_fclk_clk_0.FCLK_CLK_0_BUFG/O
                         net (fo=119, routed)         1.540     2.972    design_1_i/gmii_to_rgmii_0/U0/design_1_gmii_to_rgmii_0_0_core/i_gmii_to_rgmii/i_MANAGEMENT/MDIO_INTERFACE_1/ref_clk
    SLICE_X6Y67          FDRE                                         r  design_1_i/gmii_to_rgmii_0/U0/design_1_gmii_to_rgmii_0_0_core/i_gmii_to_rgmii/i_MANAGEMENT/MDIO_INTERFACE_1/BIT_COUNT_reg[0]/C
  -------------------------------------------------------------------    -------------------
    SLICE_X6Y67          FDRE (Prop_fdre_C_Q)         0.259     3.231 f  design_1_i/gmii_to_rgmii_0/U0/design_1_gmii_to_rgmii_0_0_core/i_gmii_to_rgmii/i_MANAGEMENT/MDIO_INTERFACE_1/BIT_COUNT_reg[0]/Q
                         net (fo=12, routed)          0.752     3.983    design_1_i/gmii_to_rgmii_0/U0/design_1_gmii_to_rgmii_0_0_core/i_gmii_to_rgmii/i_MANAGEMENT/MDIO_INTERFACE_1/BIT_COUNT_reg[0]
    SLICE_X4Y69          LUT6 (Prop_lut6_I1_O)        0.043     4.026 r  design_1_i/gmii_to_rgmii_0/U0/design_1_gmii_to_rgmii_0_0_core/i_gmii_to_rgmii/i_MANAGEMENT/MDIO_INTERFACE_1/SHIFT_REG[14]_i_1/O
                         net (fo=12, routed)          0.230     4.255    design_1_i/gmii_to_rgmii_0/U0/design_1_gmii_to_rgmii_0_0_core/i_gmii_to_rgmii/i_MANAGEMENT/MDIO_INTERFACE_1/SHIFT_REG[14]_i_1_n_0
    SLICE_X2Y69          FDRE                                         r  design_1_i/gmii_to_rgmii_0/U0/design_1_gmii_to_rgmii_0_0_core/i_gmii_to_rgmii/i_MANAGEMENT/MDIO_INTERFACE_1/SHIFT_REG_reg[10]/R
  -------------------------------------------------------------------    -------------------

                         (clock clk_fpga_0 rise edge)
                                                      5.000     5.000 r  
    PS7_X0Y0             PS7                          0.000     5.000 r  design_1_i/processing_system7_0/inst/PS7_i/FCLKCLK[0]
                         net (fo=1, routed)           1.241     6.241    design_1_i/processing_system7_0/inst/FCLK_CLK_unbuffered[0]
    BUFGCTRL_X0Y26       BUFG (Prop_bufg_I_O)         0.083     6.324 r  design_1_i/processing_system7_0/inst/buffer_fclk_clk_0.FCLK_CLK_0_BUFG/O
                         net (fo=119, routed)         1.405     7.729    design_1_i/gmii_to_rgmii_0/U0/design_1_gmii_to_rgmii_0_0_core/i_gmii_to_rgmii/i_MANAGEMENT/MDIO_INTERFACE_1/ref_clk
    SLICE_X2Y69          FDRE                                         r  design_1_i/gmii_to_rgmii_0/U0/design_1_gmii_to_rgmii_0_0_core/i_gmii_to_rgmii/i_MANAGEMENT/MDIO_INTERFACE_1/SHIFT_REG_reg[10]/C
                         clock pessimism              0.196     7.925    
                         clock uncertainty           -0.083     7.842    
    SLICE_X2Y69          FDRE (Setup_fdre_C_R)       -0.281     7.561    design_1_i/gmii_to_rgmii_0/U0/design_1_gmii_to_rgmii_0_0_core/i_gmii_to_rgmii/i_MANAGEMENT/MDIO_INTERFACE_1/SHIFT_REG_reg[10]
  -------------------------------------------------------------------
                         required time                          7.561    
                         arrival time                          -4.255    
  -------------------------------------------------------------------
                         slack                                  3.306    





Min Delay Paths
--------------------------------------------------------------------------------------
Slack (MET) :             0.092ns  (arrival time - required time)
  Source:                 design_1_i/proc_sys_reset_1/U0/EXT_LPF/EXT_LPF[2].exr_lpf_reg[2]/C
                            (rising edge-triggered cell FDRE clocked by clk_fpga_0  {rise@0.000ns fall@2.500ns period=5.000ns})
  Destination:            design_1_i/proc_sys_reset_1/U0/EXT_LPF/lpf_exr_reg/D
                            (rising edge-triggered cell FDRE clocked by clk_fpga_0  {rise@0.000ns fall@2.500ns period=5.000ns})
  Path Group:             clk_fpga_0
  Path Type:              Hold (Min at Fast Process Corner)
  Requirement:            0.000ns  (clk_fpga_0 rise@0.000ns - clk_fpga_0 rise@0.000ns)
  Data Path Delay:        0.190ns  (logic 0.128ns (67.387%)  route 0.062ns (32.613%))
  Logic Levels:           1  (LUT5=1)
  Clock Path Skew:        0.011ns (DCD - SCD - CPR)
    Destination Clock Delay (DCD):    1.592ns
    Source Clock Delay      (SCD):    1.338ns
    Clock Pessimism Removal (CPR):    0.243ns

    Location             Delay type                Incr(ns)  Path(ns)    Netlist Resource(s)
  -------------------------------------------------------------------    -------------------
                         (clock clk_fpga_0 rise edge)
                                                      0.000     0.000 r  
    PS7_X0Y0             PS7                          0.000     0.000 r  design_1_i/processing_system7_0/inst/PS7_i/FCLKCLK[0]
                         net (fo=1, routed)           0.725     0.725    design_1_i/processing_system7_0/inst/FCLK_CLK_unbuffered[0]
    BUFGCTRL_X0Y26       BUFG (Prop_bufg_I_O)         0.026     0.751 r  design_1_i/processing_system7_0/inst/buffer_fclk_clk_0.FCLK_CLK_0_BUFG/O
                         net (fo=119, routed)         0.587     1.338    design_1_i/proc_sys_reset_1/U0/EXT_LPF/slowest_sync_clk
    SLICE_X15Y159        FDRE                                         r  design_1_i/proc_sys_reset_1/U0/EXT_LPF/EXT_LPF[2].exr_lpf_reg[2]/C
  -------------------------------------------------------------------    -------------------
    SLICE_X15Y159        FDRE (Prop_fdre_C_Q)         0.100     1.438 r  design_1_i/proc_sys_reset_1/U0/EXT_LPF/EXT_LPF[2].exr_lpf_reg[2]/Q
                         net (fo=2, routed)           0.062     1.500    design_1_i/proc_sys_reset_1/U0/EXT_LPF/ACTIVE_LOW_EXT.ACT_LO_EXT/p_3_out[1]
    SLICE_X14Y159        LUT5 (Prop_lut5_I1_O)        0.028     1.528 r  design_1_i/proc_sys_reset_1/U0/EXT_LPF/ACTIVE_LOW_EXT.ACT_LO_EXT/lpf_exr_i_1/O
                         net (fo=1, routed)           0.000     1.528    design_1_i/proc_sys_reset_1/U0/EXT_LPF/ACTIVE_LOW_EXT.ACT_LO_EXT_n_0
    SLICE_X14Y159        FDRE                                         r  design_1_i/proc_sys_reset_1/U0/EXT_LPF/lpf_exr_reg/D
  -------------------------------------------------------------------    -------------------

                         (clock clk_fpga_0 rise edge)
                                                      0.000     0.000 r  
    PS7_X0Y0             PS7                          0.000     0.000 r  design_1_i/processing_system7_0/inst/PS7_i/FCLKCLK[0]
                         net (fo=1, routed)           0.769     0.769    design_1_i/processing_system7_0/inst/FCLK_CLK_unbuffered[0]
    BUFGCTRL_X0Y26       BUFG (Prop_bufg_I_O)         0.030     0.799 r  design_1_i/processing_system7_0/inst/buffer_fclk_clk_0.FCLK_CLK_0_BUFG/O
                         net (fo=119, routed)         0.793     1.592    design_1_i/proc_sys_reset_1/U0/EXT_LPF/slowest_sync_clk
    SLICE_X14Y159        FDRE                                         r  design_1_i/proc_sys_reset_1/U0/EXT_LPF/lpf_exr_reg/C
                         clock pessimism             -0.243     1.349    
    SLICE_X14Y159        FDRE (Hold_fdre_C_D)         0.087     1.436    design_1_i/proc_sys_reset_1/U0/EXT_LPF/lpf_exr_reg
  -------------------------------------------------------------------
                         required time                         -1.436    
                         arrival time                           1.528    
  -------------------------------------------------------------------
                         slack                                  0.092    

Slack (MET) :             0.100ns  (arrival time - required time)
  Source:                 design_1_i/gmii_to_rgmii_0/U0/design_1_gmii_to_rgmii_0_0_core/i_gmii_to_rgmii/i_MANAGEMENT/MDIO_INTERFACE_1/FSM_onehot_STATE_reg[7]/C
                            (rising edge-triggered cell FDRE clocked by clk_fpga_0  {rise@0.000ns fall@2.500ns period=5.000ns})
  Destination:            design_1_i/gmii_to_rgmii_0/U0/design_1_gmii_to_rgmii_0_0_core/i_gmii_to_rgmii/i_MANAGEMENT/MDIO_INTERFACE_1/FSM_onehot_STATE_reg[8]/D
                            (rising edge-triggered cell FDRE clocked by clk_fpga_0  {rise@0.000ns fall@2.500ns period=5.000ns})
  Path Group:             clk_fpga_0
  Path Type:              Hold (Min at Fast Process Corner)
  Requirement:            0.000ns  (clk_fpga_0 rise@0.000ns - clk_fpga_0 rise@0.000ns)
  Data Path Delay:        0.198ns  (logic 0.128ns (64.794%)  route 0.070ns (35.206%))
  Logic Levels:           1  (LUT6=1)
  Clock Path Skew:        0.011ns (DCD - SCD - CPR)
    Destination Clock Delay (DCD):    1.700ns
    Source Clock Delay      (SCD):    1.431ns
    Clock Pessimism Removal (CPR):    0.258ns

    Location             Delay type                Incr(ns)  Path(ns)    Netlist Resource(s)
  -------------------------------------------------------------------    -------------------
                         (clock clk_fpga_0 rise edge)
                                                      0.000     0.000 r  
    PS7_X0Y0             PS7                          0.000     0.000 r  design_1_i/processing_system7_0/inst/PS7_i/FCLKCLK[0]
                         net (fo=1, routed)           0.725     0.725    design_1_i/processing_system7_0/inst/FCLK_CLK_unbuffered[0]
    BUFGCTRL_X0Y26       BUFG (Prop_bufg_I_O)         0.026     0.751 r  design_1_i/processing_system7_0/inst/buffer_fclk_clk_0.FCLK_CLK_0_BUFG/O
                         net (fo=119, routed)         0.680     1.431    design_1_i/gmii_to_rgmii_0/U0/design_1_gmii_to_rgmii_0_0_core/i_gmii_to_rgmii/i_MANAGEMENT/MDIO_INTERFACE_1/ref_clk
    SLICE_X7Y68          FDRE                                         r  design_1_i/gmii_to_rgmii_0/U0/design_1_gmii_to_rgmii_0_0_core/i_gmii_to_rgmii/i_MANAGEMENT/MDIO_INTERFACE_1/FSM_onehot_STATE_reg[7]/C
  -------------------------------------------------------------------    -------------------
    SLICE_X7Y68          FDRE (Prop_fdre_C_Q)         0.100     1.531 r  design_1_i/gmii_to_rgmii_0/U0/design_1_gmii_to_rgmii_0_0_core/i_gmii_to_rgmii/i_MANAGEMENT/MDIO_INTERFACE_1/FSM_onehot_STATE_reg[7]/Q
                         net (fo=6, routed)           0.070     1.601    design_1_i/gmii_to_rgmii_0/U0/design_1_gmii_to_rgmii_0_0_core/i_gmii_to_rgmii/i_MANAGEMENT/MDIO_INTERFACE_1/FSM_onehot_STATE_reg_n_0_[7]
    SLICE_X6Y68          LUT6 (Prop_lut6_I0_O)        0.028     1.629 r  design_1_i/gmii_to_rgmii_0/U0/design_1_gmii_to_rgmii_0_0_core/i_gmii_to_rgmii/i_MANAGEMENT/MDIO_INTERFACE_1/FSM_onehot_STATE[8]_i_1/O
                         net (fo=1, routed)           0.000     1.629    design_1_i/gmii_to_rgmii_0/U0/design_1_gmii_to_rgmii_0_0_core/i_gmii_to_rgmii/i_MANAGEMENT/MDIO_INTERFACE_1/FSM_onehot_STATE[8]_i_1_n_0
    SLICE_X6Y68          FDRE                                         r  design_1_i/gmii_to_rgmii_0/U0/design_1_gmii_to_rgmii_0_0_core/i_gmii_to_rgmii/i_MANAGEMENT/MDIO_INTERFACE_1/FSM_onehot_STATE_reg[8]/D
  -------------------------------------------------------------------    -------------------

                         (clock clk_fpga_0 rise edge)
                                                      0.000     0.000 r  
    PS7_X0Y0             PS7                          0.000     0.000 r  design_1_i/processing_system7_0/inst/PS7_i/FCLKCLK[0]
                         net (fo=1, routed)           0.769     0.769    design_1_i/processing_system7_0/inst/FCLK_CLK_unbuffered[0]
    BUFGCTRL_X0Y26       BUFG (Prop_bufg_I_O)         0.030     0.799 r  design_1_i/processing_system7_0/inst/buffer_fclk_clk_0.FCLK_CLK_0_BUFG/O
                         net (fo=119, routed)         0.901     1.700    design_1_i/gmii_to_rgmii_0/U0/design_1_gmii_to_rgmii_0_0_core/i_gmii_to_rgmii/i_MANAGEMENT/MDIO_INTERFACE_1/ref_clk
    SLICE_X6Y68          FDRE                                         r  design_1_i/gmii_to_rgmii_0/U0/design_1_gmii_to_rgmii_0_0_core/i_gmii_to_rgmii/i_MANAGEMENT/MDIO_INTERFACE_1/FSM_onehot_STATE_reg[8]/C
                         clock pessimism             -0.258     1.442    
    SLICE_X6Y68          FDRE (Hold_fdre_C_D)         0.087     1.529    design_1_i/gmii_to_rgmii_0/U0/design_1_gmii_to_rgmii_0_0_core/i_gmii_to_rgmii/i_MANAGEMENT/MDIO_INTERFACE_1/FSM_onehot_STATE_reg[8]
  -------------------------------------------------------------------
                         required time                         -1.529    
                         arrival time                           1.629    
  -------------------------------------------------------------------
                         slack                                  0.100    

Slack (MET) :             0.118ns  (arrival time - required time)
  Source:                 design_1_i/proc_sys_reset_1/U0/EXT_LPF/AUX_LPF[1].asr_lpf_reg[1]/C
                            (rising edge-triggered cell FDRE clocked by clk_fpga_0  {rise@0.000ns fall@2.500ns period=5.000ns})
  Destination:            design_1_i/proc_sys_reset_1/U0/EXT_LPF/lpf_asr_reg/D
                            (rising edge-triggered cell FDRE clocked by clk_fpga_0  {rise@0.000ns fall@2.500ns period=5.000ns})
  Path Group:             clk_fpga_0
  Path Type:              Hold (Min at Fast Process Corner)
  Requirement:            0.000ns  (clk_fpga_0 rise@0.000ns - clk_fpga_0 rise@0.000ns)
  Data Path Delay:        0.216ns  (logic 0.128ns (59.223%)  route 0.088ns (40.777%))
  Logic Levels:           1  (LUT5=1)
  Clock Path Skew:        0.011ns (DCD - SCD - CPR)
    Destination Clock Delay (DCD):    1.591ns
    Source Clock Delay      (SCD):    1.337ns
    Clock Pessimism Removal (CPR):    0.243ns

    Location             Delay type                Incr(ns)  Path(ns)    Netlist Resource(s)
  -------------------------------------------------------------------    -------------------
                         (clock clk_fpga_0 rise edge)
                                                      0.000     0.000 r  
    PS7_X0Y0             PS7                          0.000     0.000 r  design_1_i/processing_system7_0/inst/PS7_i/FCLKCLK[0]
                         net (fo=1, routed)           0.725     0.725    design_1_i/processing_system7_0/inst/FCLK_CLK_unbuffered[0]
    BUFGCTRL_X0Y26       BUFG (Prop_bufg_I_O)         0.026     0.751 r  design_1_i/processing_system7_0/inst/buffer_fclk_clk_0.FCLK_CLK_0_BUFG/O
                         net (fo=119, routed)         0.586     1.337    design_1_i/proc_sys_reset_1/U0/EXT_LPF/slowest_sync_clk
    SLICE_X15Y160        FDRE                                         r  design_1_i/proc_sys_reset_1/U0/EXT_LPF/AUX_LPF[1].asr_lpf_reg[1]/C
  -------------------------------------------------------------------    -------------------
    SLICE_X15Y160        FDRE (Prop_fdre_C_Q)         0.100     1.437 r  design_1_i/proc_sys_reset_1/U0/EXT_LPF/AUX_LPF[1].asr_lpf_reg[1]/Q
                         net (fo=2, routed)           0.088     1.525    design_1_i/proc_sys_reset_1/U0/EXT_LPF/ACTIVE_LOW_AUX.ACT_LO_AUX/p_2_in
    SLICE_X14Y160        LUT5 (Prop_lut5_I2_O)        0.028     1.553 r  design_1_i/proc_sys_reset_1/U0/EXT_LPF/ACTIVE_LOW_AUX.ACT_LO_AUX/lpf_asr_i_1/O
                         net (fo=1, routed)           0.000     1.553    design_1_i/proc_sys_reset_1/U0/EXT_LPF/ACTIVE_LOW_AUX.ACT_LO_AUX_n_0
    SLICE_X14Y160        FDRE                                         r  design_1_i/proc_sys_reset_1/U0/EXT_LPF/lpf_asr_reg/D
  -------------------------------------------------------------------    -------------------

                         (clock clk_fpga_0 rise edge)
                                                      0.000     0.000 r  
    PS7_X0Y0             PS7                          0.000     0.000 r  design_1_i/processing_system7_0/inst/PS7_i/FCLKCLK[0]
                         net (fo=1, routed)           0.769     0.769    design_1_i/processing_system7_0/inst/FCLK_CLK_unbuffered[0]
    BUFGCTRL_X0Y26       BUFG (Prop_bufg_I_O)         0.030     0.799 r  design_1_i/processing_system7_0/inst/buffer_fclk_clk_0.FCLK_CLK_0_BUFG/O
                         net (fo=119, routed)         0.792     1.591    design_1_i/proc_sys_reset_1/U0/EXT_LPF/slowest_sync_clk
    SLICE_X14Y160        FDRE                                         r  design_1_i/proc_sys_reset_1/U0/EXT_LPF/lpf_asr_reg/C
                         clock pessimism             -0.243     1.348    
    SLICE_X14Y160        FDRE (Hold_fdre_C_D)         0.087     1.435    design_1_i/proc_sys_reset_1/U0/EXT_LPF/lpf_asr_reg
  -------------------------------------------------------------------
                         required time                         -1.435    
                         arrival time                           1.553    
  -------------------------------------------------------------------
                         slack                                  0.118    

Slack (MET) :             0.131ns  (arrival time - required time)
  Source:                 design_1_i/proc_sys_reset_1/U0/EXT_LPF/ACTIVE_LOW_EXT.ACT_LO_EXT/GENERATE_LEVEL_P_S_CDC.SINGLE_BIT.CROSS_PLEVEL_IN2SCNDRY_IN_cdc_to/C
                            (rising edge-triggered cell FDRE clocked by clk_fpga_0  {rise@0.000ns fall@2.500ns period=5.000ns})
  Destination:            design_1_i/proc_sys_reset_1/U0/EXT_LPF/ACTIVE_LOW_EXT.ACT_LO_EXT/GENERATE_LEVEL_P_S_CDC.SINGLE_BIT.CROSS_PLEVEL_IN2SCNDRY_s_level_out_d2/D
                            (rising edge-triggered cell FDRE clocked by clk_fpga_0  {rise@0.000ns fall@2.500ns period=5.000ns})
  Path Group:             clk_fpga_0
  Path Type:              Hold (Min at Fast Process Corner)
  Requirement:            0.000ns  (clk_fpga_0 rise@0.000ns - clk_fpga_0 rise@0.000ns)
  Data Path Delay:        0.173ns  (logic 0.118ns (68.255%)  route 0.055ns (31.745%))
  Logic Levels:           0  
  Clock Path Skew:        0.000ns (DCD - SCD - CPR)
    Destination Clock Delay (DCD):    1.592ns
    Source Clock Delay      (SCD):    1.338ns
    Clock Pessimism Removal (CPR):    0.254ns

    Location             Delay type                Incr(ns)  Path(ns)    Netlist Resource(s)
  -------------------------------------------------------------------    -------------------
                         (clock clk_fpga_0 rise edge)
                                                      0.000     0.000 r  
    PS7_X0Y0             PS7                          0.000     0.000 r  design_1_i/processing_system7_0/inst/PS7_i/FCLKCLK[0]
                         net (fo=1, routed)           0.725     0.725    design_1_i/processing_system7_0/inst/FCLK_CLK_unbuffered[0]
    BUFGCTRL_X0Y26       BUFG (Prop_bufg_I_O)         0.026     0.751 r  design_1_i/processing_system7_0/inst/buffer_fclk_clk_0.FCLK_CLK_0_BUFG/O
                         net (fo=119, routed)         0.587     1.338    design_1_i/proc_sys_reset_1/U0/EXT_LPF/ACTIVE_LOW_EXT.ACT_LO_EXT/slowest_sync_clk
    SLICE_X14Y159        FDRE                                         r  design_1_i/proc_sys_reset_1/U0/EXT_LPF/ACTIVE_LOW_EXT.ACT_LO_EXT/GENERATE_LEVEL_P_S_CDC.SINGLE_BIT.CROSS_PLEVEL_IN2SCNDRY_IN_cdc_to/C
  -------------------------------------------------------------------    -------------------
    SLICE_X14Y159        FDRE (Prop_fdre_C_Q)         0.118     1.456 r  design_1_i/proc_sys_reset_1/U0/EXT_LPF/ACTIVE_LOW_EXT.ACT_LO_EXT/GENERATE_LEVEL_P_S_CDC.SINGLE_BIT.CROSS_PLEVEL_IN2SCNDRY_IN_cdc_to/Q
                         net (fo=1, routed)           0.055     1.511    design_1_i/proc_sys_reset_1/U0/EXT_LPF/ACTIVE_LOW_EXT.ACT_LO_EXT/s_level_out_d1_cdc_to
    SLICE_X14Y159        FDRE                                         r  design_1_i/proc_sys_reset_1/U0/EXT_LPF/ACTIVE_LOW_EXT.ACT_LO_EXT/GENERATE_LEVEL_P_S_CDC.SINGLE_BIT.CROSS_PLEVEL_IN2SCNDRY_s_level_out_d2/D
  -------------------------------------------------------------------    -------------------

                         (clock clk_fpga_0 rise edge)
                                                      0.000     0.000 r  
    PS7_X0Y0             PS7                          0.000     0.000 r  design_1_i/processing_system7_0/inst/PS7_i/FCLKCLK[0]
                         net (fo=1, routed)           0.769     0.769    design_1_i/processing_system7_0/inst/FCLK_CLK_unbuffered[0]
    BUFGCTRL_X0Y26       BUFG (Prop_bufg_I_O)         0.030     0.799 r  design_1_i/processing_system7_0/inst/buffer_fclk_clk_0.FCLK_CLK_0_BUFG/O
                         net (fo=119, routed)         0.793     1.592    design_1_i/proc_sys_reset_1/U0/EXT_LPF/ACTIVE_LOW_EXT.ACT_LO_EXT/slowest_sync_clk
    SLICE_X14Y159        FDRE                                         r  design_1_i/proc_sys_reset_1/U0/EXT_LPF/ACTIVE_LOW_EXT.ACT_LO_EXT/GENERATE_LEVEL_P_S_CDC.SINGLE_BIT.CROSS_PLEVEL_IN2SCNDRY_s_level_out_d2/C
                         clock pessimism             -0.254     1.338    
    SLICE_X14Y159        FDRE (Hold_fdre_C_D)         0.042     1.380    design_1_i/proc_sys_reset_1/U0/EXT_LPF/ACTIVE_LOW_EXT.ACT_LO_EXT/GENERATE_LEVEL_P_S_CDC.SINGLE_BIT.CROSS_PLEVEL_IN2SCNDRY_s_level_out_d2
  -------------------------------------------------------------------
                         required time                         -1.380    
                         arrival time                           1.511    
  -------------------------------------------------------------------
                         slack                                  0.131    

Slack (MET) :             0.131ns  (arrival time - required time)
  Source:                 design_1_i/proc_sys_reset_1/U0/EXT_LPF/ACTIVE_LOW_AUX.ACT_LO_AUX/GENERATE_LEVEL_P_S_CDC.SINGLE_BIT.CROSS_PLEVEL_IN2SCNDRY_IN_cdc_to/C
                            (rising edge-triggered cell FDRE clocked by clk_fpga_0  {rise@0.000ns fall@2.500ns period=5.000ns})
  Destination:            design_1_i/proc_sys_reset_1/U0/EXT_LPF/ACTIVE_LOW_AUX.ACT_LO_AUX/GENERATE_LEVEL_P_S_CDC.SINGLE_BIT.CROSS_PLEVEL_IN2SCNDRY_s_level_out_d2/D
                            (rising edge-triggered cell FDRE clocked by clk_fpga_0  {rise@0.000ns fall@2.500ns period=5.000ns})
  Path Group:             clk_fpga_0
  Path Type:              Hold (Min at Fast Process Corner)
  Requirement:            0.000ns  (clk_fpga_0 rise@0.000ns - clk_fpga_0 rise@0.000ns)
  Data Path Delay:        0.173ns  (logic 0.118ns (68.255%)  route 0.055ns (31.745%))
  Logic Levels:           0  
  Clock Path Skew:        0.000ns (DCD - SCD - CPR)
    Destination Clock Delay (DCD):    1.591ns
    Source Clock Delay      (SCD):    1.337ns
    Clock Pessimism Removal (CPR):    0.254ns

    Location             Delay type                Incr(ns)  Path(ns)    Netlist Resource(s)
  -------------------------------------------------------------------    -------------------
                         (clock clk_fpga_0 rise edge)
                                                      0.000     0.000 r  
    PS7_X0Y0             PS7                          0.000     0.000 r  design_1_i/processing_system7_0/inst/PS7_i/FCLKCLK[0]
                         net (fo=1, routed)           0.725     0.725    design_1_i/processing_system7_0/inst/FCLK_CLK_unbuffered[0]
    BUFGCTRL_X0Y26       BUFG (Prop_bufg_I_O)         0.026     0.751 r  design_1_i/processing_system7_0/inst/buffer_fclk_clk_0.FCLK_CLK_0_BUFG/O
                         net (fo=119, routed)         0.586     1.337    design_1_i/proc_sys_reset_1/U0/EXT_LPF/ACTIVE_LOW_AUX.ACT_LO_AUX/slowest_sync_clk
    SLICE_X14Y161        FDRE                                         r  design_1_i/proc_sys_reset_1/U0/EXT_LPF/ACTIVE_LOW_AUX.ACT_LO_AUX/GENERATE_LEVEL_P_S_CDC.SINGLE_BIT.CROSS_PLEVEL_IN2SCNDRY_IN_cdc_to/C
  -------------------------------------------------------------------    -------------------
    SLICE_X14Y161        FDRE (Prop_fdre_C_Q)         0.118     1.455 r  design_1_i/proc_sys_reset_1/U0/EXT_LPF/ACTIVE_LOW_AUX.ACT_LO_AUX/GENERATE_LEVEL_P_S_CDC.SINGLE_BIT.CROSS_PLEVEL_IN2SCNDRY_IN_cdc_to/Q
                         net (fo=1, routed)           0.055     1.510    design_1_i/proc_sys_reset_1/U0/EXT_LPF/ACTIVE_LOW_AUX.ACT_LO_AUX/s_level_out_d1_cdc_to
    SLICE_X14Y161        FDRE                                         r  design_1_i/proc_sys_reset_1/U0/EXT_LPF/ACTIVE_LOW_AUX.ACT_LO_AUX/GENERATE_LEVEL_P_S_CDC.SINGLE_BIT.CROSS_PLEVEL_IN2SCNDRY_s_level_out_d2/D
  -------------------------------------------------------------------    -------------------

                         (clock clk_fpga_0 rise edge)
                                                      0.000     0.000 r  
    PS7_X0Y0             PS7                          0.000     0.000 r  design_1_i/processing_system7_0/inst/PS7_i/FCLKCLK[0]
                         net (fo=1, routed)           0.769     0.769    design_1_i/processing_system7_0/inst/FCLK_CLK_unbuffered[0]
    BUFGCTRL_X0Y26       BUFG (Prop_bufg_I_O)         0.030     0.799 r  design_1_i/processing_system7_0/inst/buffer_fclk_clk_0.FCLK_CLK_0_BUFG/O
                         net (fo=119, routed)         0.792     1.591    design_1_i/proc_sys_reset_1/U0/EXT_LPF/ACTIVE_LOW_AUX.ACT_LO_AUX/slowest_sync_clk
    SLICE_X14Y161        FDRE                                         r  design_1_i/proc_sys_reset_1/U0/EXT_LPF/ACTIVE_LOW_AUX.ACT_LO_AUX/GENERATE_LEVEL_P_S_CDC.SINGLE_BIT.CROSS_PLEVEL_IN2SCNDRY_s_level_out_d2/C
                         clock pessimism             -0.254     1.337    
    SLICE_X14Y161        FDRE (Hold_fdre_C_D)         0.042     1.379    design_1_i/proc_sys_reset_1/U0/EXT_LPF/ACTIVE_LOW_AUX.ACT_LO_AUX/GENERATE_LEVEL_P_S_CDC.SINGLE_BIT.CROSS_PLEVEL_IN2SCNDRY_s_level_out_d2
  -------------------------------------------------------------------
                         required time                         -1.379    
                         arrival time                           1.510    
  -------------------------------------------------------------------
                         slack                                  0.131    

Slack (MET) :             0.138ns  (arrival time - required time)
  Source:                 design_1_i/gmii_to_rgmii_0/U0/design_1_gmii_to_rgmii_0_0_core/i_gmii_to_rgmii/i_reset_sync_rx_reset/reset_sync1/C
                            (rising edge-triggered cell FDPE clocked by clk_fpga_0  {rise@0.000ns fall@2.500ns period=5.000ns})
  Destination:            design_1_i/gmii_to_rgmii_0/U0/design_1_gmii_to_rgmii_0_0_core/i_gmii_to_rgmii/i_reset_sync_rx_reset/reset_sync2/D
                            (rising edge-triggered cell FDPE clocked by clk_fpga_0  {rise@0.000ns fall@2.500ns period=5.000ns})
  Path Group:             clk_fpga_0
  Path Type:              Hold (Min at Fast Process Corner)
  Requirement:            0.000ns  (clk_fpga_0 rise@0.000ns - clk_fpga_0 rise@0.000ns)
  Data Path Delay:        0.161ns  (logic 0.107ns (66.547%)  route 0.054ns (33.453%))
  Logic Levels:           0  
  Clock Path Skew:        0.000ns (DCD - SCD - CPR)
    Destination Clock Delay (DCD):    1.706ns
    Source Clock Delay      (SCD):    1.436ns
    Clock Pessimism Removal (CPR):    0.270ns

    Location             Delay type                Incr(ns)  Path(ns)    Netlist Resource(s)
  -------------------------------------------------------------------    -------------------
                         (clock clk_fpga_0 rise edge)
                                                      0.000     0.000 r  
    PS7_X0Y0             PS7                          0.000     0.000 r  design_1_i/processing_system7_0/inst/PS7_i/FCLKCLK[0]
                         net (fo=1, routed)           0.725     0.725    design_1_i/processing_system7_0/inst/FCLK_CLK_unbuffered[0]
    BUFGCTRL_X0Y26       BUFG (Prop_bufg_I_O)         0.026     0.751 r  design_1_i/processing_system7_0/inst/buffer_fclk_clk_0.FCLK_CLK_0_BUFG/O
                         net (fo=119, routed)         0.685     1.436    design_1_i/gmii_to_rgmii_0/U0/design_1_gmii_to_rgmii_0_0_core/i_gmii_to_rgmii/i_reset_sync_rx_reset/ref_clk
    SLICE_X2Y64          FDPE                                         r  design_1_i/gmii_to_rgmii_0/U0/design_1_gmii_to_rgmii_0_0_core/i_gmii_to_rgmii/i_reset_sync_rx_reset/reset_sync1/C
  -------------------------------------------------------------------    -------------------
    SLICE_X2Y64          FDPE (Prop_fdpe_C_Q)         0.107     1.543 r  design_1_i/gmii_to_rgmii_0/U0/design_1_gmii_to_rgmii_0_0_core/i_gmii_to_rgmii/i_reset_sync_rx_reset/reset_sync1/Q
                         net (fo=1, routed)           0.054     1.597    design_1_i/gmii_to_rgmii_0/U0/design_1_gmii_to_rgmii_0_0_core/i_gmii_to_rgmii/i_reset_sync_rx_reset/reset_sync_reg1
    SLICE_X2Y64          FDPE                                         r  design_1_i/gmii_to_rgmii_0/U0/design_1_gmii_to_rgmii_0_0_core/i_gmii_to_rgmii/i_reset_sync_rx_reset/reset_sync2/D
  -------------------------------------------------------------------    -------------------

                         (clock clk_fpga_0 rise edge)
                                                      0.000     0.000 r  
    PS7_X0Y0             PS7                          0.000     0.000 r  design_1_i/processing_system7_0/inst/PS7_i/FCLKCLK[0]
                         net (fo=1, routed)           0.769     0.769    design_1_i/processing_system7_0/inst/FCLK_CLK_unbuffered[0]
    BUFGCTRL_X0Y26       BUFG (Prop_bufg_I_O)         0.030     0.799 r  design_1_i/processing_system7_0/inst/buffer_fclk_clk_0.FCLK_CLK_0_BUFG/O
                         net (fo=119, routed)         0.907     1.706    design_1_i/gmii_to_rgmii_0/U0/design_1_gmii_to_rgmii_0_0_core/i_gmii_to_rgmii/i_reset_sync_rx_reset/ref_clk
    SLICE_X2Y64          FDPE                                         r  design_1_i/gmii_to_rgmii_0/U0/design_1_gmii_to_rgmii_0_0_core/i_gmii_to_rgmii/i_reset_sync_rx_reset/reset_sync2/C
                         clock pessimism             -0.270     1.436    
    SLICE_X2Y64          FDPE (Hold_fdpe_C_D)         0.023     1.459    design_1_i/gmii_to_rgmii_0/U0/design_1_gmii_to_rgmii_0_0_core/i_gmii_to_rgmii/i_reset_sync_rx_reset/reset_sync2
  -------------------------------------------------------------------
                         required time                         -1.459    
                         arrival time                           1.597    
  -------------------------------------------------------------------
                         slack                                  0.138    

Slack (MET) :             0.147ns  (arrival time - required time)
  Source:                 design_1_i/gmii_to_rgmii_0/U0/design_1_gmii_to_rgmii_0_0_core/i_gmii_to_rgmii/i_MANAGEMENT/MDIO_IN_REG4_reg/C
                            (rising edge-triggered cell FDSE clocked by clk_fpga_0  {rise@0.000ns fall@2.500ns period=5.000ns})
  Destination:            design_1_i/gmii_to_rgmii_0/U0/design_1_gmii_to_rgmii_0_0_core/i_gmii_to_rgmii/i_MANAGEMENT/MDIO_INTERFACE_1/MDIO_IN_REG_reg/D
                            (rising edge-triggered cell FDSE clocked by clk_fpga_0  {rise@0.000ns fall@2.500ns period=5.000ns})
  Path Group:             clk_fpga_0
  Path Type:              Hold (Min at Fast Process Corner)
  Requirement:            0.000ns  (clk_fpga_0 rise@0.000ns - clk_fpga_0 rise@0.000ns)
  Data Path Delay:        0.196ns  (logic 0.100ns (51.150%)  route 0.096ns (48.850%))
  Logic Levels:           0  
  Clock Path Skew:        0.011ns (DCD - SCD - CPR)
    Destination Clock Delay (DCD):    1.700ns
    Source Clock Delay      (SCD):    1.432ns
    Clock Pessimism Removal (CPR):    0.257ns

    Location             Delay type                Incr(ns)  Path(ns)    Netlist Resource(s)
  -------------------------------------------------------------------    -------------------
                         (clock clk_fpga_0 rise edge)
                                                      0.000     0.000 r  
    PS7_X0Y0             PS7                          0.000     0.000 r  design_1_i/processing_system7_0/inst/PS7_i/FCLKCLK[0]
                         net (fo=1, routed)           0.725     0.725    design_1_i/processing_system7_0/inst/FCLK_CLK_unbuffered[0]
    BUFGCTRL_X0Y26       BUFG (Prop_bufg_I_O)         0.026     0.751 r  design_1_i/processing_system7_0/inst/buffer_fclk_clk_0.FCLK_CLK_0_BUFG/O
                         net (fo=119, routed)         0.681     1.432    design_1_i/gmii_to_rgmii_0/U0/design_1_gmii_to_rgmii_0_0_core/i_gmii_to_rgmii/i_MANAGEMENT/ref_clk
    SLICE_X5Y67          FDSE                                         r  design_1_i/gmii_to_rgmii_0/U0/design_1_gmii_to_rgmii_0_0_core/i_gmii_to_rgmii/i_MANAGEMENT/MDIO_IN_REG4_reg/C
  -------------------------------------------------------------------    -------------------
    SLICE_X5Y67          FDSE (Prop_fdse_C_Q)         0.100     1.532 r  design_1_i/gmii_to_rgmii_0/U0/design_1_gmii_to_rgmii_0_0_core/i_gmii_to_rgmii/i_MANAGEMENT/MDIO_IN_REG4_reg/Q
                         net (fo=1, routed)           0.096     1.628    design_1_i/gmii_to_rgmii_0/U0/design_1_gmii_to_rgmii_0_0_core/i_gmii_to_rgmii/i_MANAGEMENT/MDIO_INTERFACE_1/MDIO_IN
    SLICE_X6Y68          FDSE                                         r  design_1_i/gmii_to_rgmii_0/U0/design_1_gmii_to_rgmii_0_0_core/i_gmii_to_rgmii/i_MANAGEMENT/MDIO_INTERFACE_1/MDIO_IN_REG_reg/D
  -------------------------------------------------------------------    -------------------

                         (clock clk_fpga_0 rise edge)
                                                      0.000     0.000 r  
    PS7_X0Y0             PS7                          0.000     0.000 r  design_1_i/processing_system7_0/inst/PS7_i/FCLKCLK[0]
                         net (fo=1, routed)           0.769     0.769    design_1_i/processing_system7_0/inst/FCLK_CLK_unbuffered[0]
    BUFGCTRL_X0Y26       BUFG (Prop_bufg_I_O)         0.030     0.799 r  design_1_i/processing_system7_0/inst/buffer_fclk_clk_0.FCLK_CLK_0_BUFG/O
                         net (fo=119, routed)         0.901     1.700    design_1_i/gmii_to_rgmii_0/U0/design_1_gmii_to_rgmii_0_0_core/i_gmii_to_rgmii/i_MANAGEMENT/MDIO_INTERFACE_1/ref_clk
    SLICE_X6Y68          FDSE                                         r  design_1_i/gmii_to_rgmii_0/U0/design_1_gmii_to_rgmii_0_0_core/i_gmii_to_rgmii/i_MANAGEMENT/MDIO_INTERFACE_1/MDIO_IN_REG_reg/C
                         clock pessimism             -0.257     1.443    
    SLICE_X6Y68          FDSE (Hold_fdse_C_D)         0.038     1.481    design_1_i/gmii_to_rgmii_0/U0/design_1_gmii_to_rgmii_0_0_core/i_gmii_to_rgmii/i_MANAGEMENT/MDIO_INTERFACE_1/MDIO_IN_REG_reg
  -------------------------------------------------------------------
                         required time                         -1.481    
                         arrival time                           1.628    
  -------------------------------------------------------------------
                         slack                                  0.147    

Slack (MET) :             0.149ns  (arrival time - required time)
  Source:                 design_1_i/gmii_to_rgmii_0/U0/design_1_gmii_to_rgmii_0_0_core/i_gmii_to_rgmii/i_MANAGEMENT/MDC_REG3_reg/C
                            (rising edge-triggered cell FDRE clocked by clk_fpga_0  {rise@0.000ns fall@2.500ns period=5.000ns})
  Destination:            design_1_i/gmii_to_rgmii_0/U0/design_1_gmii_to_rgmii_0_0_core/i_gmii_to_rgmii/i_MANAGEMENT/MDC_RISING_REG1_reg/D
                            (rising edge-triggered cell FDRE clocked by clk_fpga_0  {rise@0.000ns fall@2.500ns period=5.000ns})
  Path Group:             clk_fpga_0
  Path Type:              Hold (Min at Fast Process Corner)
  Requirement:            0.000ns  (clk_fpga_0 rise@0.000ns - clk_fpga_0 rise@0.000ns)
  Data Path Delay:        0.209ns  (logic 0.157ns (75.238%)  route 0.052ns (24.762%))
  Logic Levels:           1  (LUT2=1)
  Clock Path Skew:        0.000ns (DCD - SCD - CPR)
    Destination Clock Delay (DCD):    1.699ns
    Source Clock Delay      (SCD):    1.430ns
    Clock Pessimism Removal (CPR):    0.269ns

    Location             Delay type                Incr(ns)  Path(ns)    Netlist Resource(s)
  -------------------------------------------------------------------    -------------------
                         (clock clk_fpga_0 rise edge)
                                                      0.000     0.000 r  
    PS7_X0Y0             PS7                          0.000     0.000 r  design_1_i/processing_system7_0/inst/PS7_i/FCLKCLK[0]
                         net (fo=1, routed)           0.725     0.725    design_1_i/processing_system7_0/inst/FCLK_CLK_unbuffered[0]
    BUFGCTRL_X0Y26       BUFG (Prop_bufg_I_O)         0.026     0.751 r  design_1_i/processing_system7_0/inst/buffer_fclk_clk_0.FCLK_CLK_0_BUFG/O
                         net (fo=119, routed)         0.679     1.430    design_1_i/gmii_to_rgmii_0/U0/design_1_gmii_to_rgmii_0_0_core/i_gmii_to_rgmii/i_MANAGEMENT/ref_clk
    SLICE_X5Y69          FDRE                                         r  design_1_i/gmii_to_rgmii_0/U0/design_1_gmii_to_rgmii_0_0_core/i_gmii_to_rgmii/i_MANAGEMENT/MDC_REG3_reg/C
  -------------------------------------------------------------------    -------------------
    SLICE_X5Y69          FDRE (Prop_fdre_C_Q)         0.091     1.521 f  design_1_i/gmii_to_rgmii_0/U0/design_1_gmii_to_rgmii_0_0_core/i_gmii_to_rgmii/i_MANAGEMENT/MDC_REG3_reg/Q
                         net (fo=1, routed)           0.052     1.573    design_1_i/gmii_to_rgmii_0/U0/design_1_gmii_to_rgmii_0_0_core/i_gmii_to_rgmii/i_MANAGEMENT/SYNC_MDC/MDC_REG3
    SLICE_X5Y69          LUT2 (Prop_lut2_I1_O)        0.066     1.639 r  design_1_i/gmii_to_rgmii_0/U0/design_1_gmii_to_rgmii_0_0_core/i_gmii_to_rgmii/i_MANAGEMENT/SYNC_MDC/MDC_RISING_REG1_i_1/O
                         net (fo=1, routed)           0.000     1.639    design_1_i/gmii_to_rgmii_0/U0/design_1_gmii_to_rgmii_0_0_core/i_gmii_to_rgmii/i_MANAGEMENT/MDC_RISING_REG10
    SLICE_X5Y69          FDRE                                         r  design_1_i/gmii_to_rgmii_0/U0/design_1_gmii_to_rgmii_0_0_core/i_gmii_to_rgmii/i_MANAGEMENT/MDC_RISING_REG1_reg/D
  -------------------------------------------------------------------    -------------------

                         (clock clk_fpga_0 rise edge)
                                                      0.000     0.000 r  
    PS7_X0Y0             PS7                          0.000     0.000 r  design_1_i/processing_system7_0/inst/PS7_i/FCLKCLK[0]
                         net (fo=1, routed)           0.769     0.769    design_1_i/processing_system7_0/inst/FCLK_CLK_unbuffered[0]
    BUFGCTRL_X0Y26       BUFG (Prop_bufg_I_O)         0.030     0.799 r  design_1_i/processing_system7_0/inst/buffer_fclk_clk_0.FCLK_CLK_0_BUFG/O
                         net (fo=119, routed)         0.900     1.699    design_1_i/gmii_to_rgmii_0/U0/design_1_gmii_to_rgmii_0_0_core/i_gmii_to_rgmii/i_MANAGEMENT/ref_clk
    SLICE_X5Y69          FDRE                                         r  design_1_i/gmii_to_rgmii_0/U0/design_1_gmii_to_rgmii_0_0_core/i_gmii_to_rgmii/i_MANAGEMENT/MDC_RISING_REG1_reg/C
                         clock pessimism             -0.269     1.430    
    SLICE_X5Y69          FDRE (Hold_fdre_C_D)         0.060     1.490    design_1_i/gmii_to_rgmii_0/U0/design_1_gmii_to_rgmii_0_0_core/i_gmii_to_rgmii/i_MANAGEMENT/MDC_RISING_REG1_reg
  -------------------------------------------------------------------
                         required time                         -1.490    
                         arrival time                           1.639    
  -------------------------------------------------------------------
                         slack                                  0.149    

Slack (MET) :             0.149ns  (arrival time - required time)
  Source:                 design_1_i/gmii_to_rgmii_0/U0/design_1_gmii_to_rgmii_0_0_core/i_gmii_to_rgmii/i_reset_sync_mgmt_reset/reset_sync1/C
                            (rising edge-triggered cell FDPE clocked by clk_fpga_0  {rise@0.000ns fall@2.500ns period=5.000ns})
  Destination:            design_1_i/gmii_to_rgmii_0/U0/design_1_gmii_to_rgmii_0_0_core/i_gmii_to_rgmii/i_reset_sync_mgmt_reset/reset_sync2/D
                            (rising edge-triggered cell FDPE clocked by clk_fpga_0  {rise@0.000ns fall@2.500ns period=5.000ns})
  Path Group:             clk_fpga_0
  Path Type:              Hold (Min at Fast Process Corner)
  Requirement:            0.000ns  (clk_fpga_0 rise@0.000ns - clk_fpga_0 rise@0.000ns)
  Data Path Delay:        0.143ns  (logic 0.091ns (63.783%)  route 0.052ns (36.217%))
  Logic Levels:           0  
  Clock Path Skew:        0.000ns (DCD - SCD - CPR)
    Destination Clock Delay (DCD):    1.704ns
    Source Clock Delay      (SCD):    1.435ns
    Clock Pessimism Removal (CPR):    0.269ns

    Location             Delay type                Incr(ns)  Path(ns)    Netlist Resource(s)
  -------------------------------------------------------------------    -------------------
                         (clock clk_fpga_0 rise edge)
                                                      0.000     0.000 r  
    PS7_X0Y0             PS7                          0.000     0.000 r  design_1_i/processing_system7_0/inst/PS7_i/FCLKCLK[0]
                         net (fo=1, routed)           0.725     0.725    design_1_i/processing_system7_0/inst/FCLK_CLK_unbuffered[0]
    BUFGCTRL_X0Y26       BUFG (Prop_bufg_I_O)         0.026     0.751 r  design_1_i/processing_system7_0/inst/buffer_fclk_clk_0.FCLK_CLK_0_BUFG/O
                         net (fo=119, routed)         0.684     1.435    design_1_i/gmii_to_rgmii_0/U0/design_1_gmii_to_rgmii_0_0_core/i_gmii_to_rgmii/i_reset_sync_mgmt_reset/ref_clk
    SLICE_X3Y66          FDPE                                         r  design_1_i/gmii_to_rgmii_0/U0/design_1_gmii_to_rgmii_0_0_core/i_gmii_to_rgmii/i_reset_sync_mgmt_reset/reset_sync1/C
  -------------------------------------------------------------------    -------------------
    SLICE_X3Y66          FDPE (Prop_fdpe_C_Q)         0.091     1.526 r  design_1_i/gmii_to_rgmii_0/U0/design_1_gmii_to_rgmii_0_0_core/i_gmii_to_rgmii/i_reset_sync_mgmt_reset/reset_sync1/Q
                         net (fo=1, routed)           0.052     1.578    design_1_i/gmii_to_rgmii_0/U0/design_1_gmii_to_rgmii_0_0_core/i_gmii_to_rgmii/i_reset_sync_mgmt_reset/reset_sync_reg1
    SLICE_X3Y66          FDPE                                         r  design_1_i/gmii_to_rgmii_0/U0/design_1_gmii_to_rgmii_0_0_core/i_gmii_to_rgmii/i_reset_sync_mgmt_reset/reset_sync2/D
  -------------------------------------------------------------------    -------------------

                         (clock clk_fpga_0 rise edge)
                                                      0.000     0.000 r  
    PS7_X0Y0             PS7                          0.000     0.000 r  design_1_i/processing_system7_0/inst/PS7_i/FCLKCLK[0]
                         net (fo=1, routed)           0.769     0.769    design_1_i/processing_system7_0/inst/FCLK_CLK_unbuffered[0]
    BUFGCTRL_X0Y26       BUFG (Prop_bufg_I_O)         0.030     0.799 r  design_1_i/processing_system7_0/inst/buffer_fclk_clk_0.FCLK_CLK_0_BUFG/O
                         net (fo=119, routed)         0.905     1.704    design_1_i/gmii_to_rgmii_0/U0/design_1_gmii_to_rgmii_0_0_core/i_gmii_to_rgmii/i_reset_sync_mgmt_reset/ref_clk
    SLICE_X3Y66          FDPE                                         r  design_1_i/gmii_to_rgmii_0/U0/design_1_gmii_to_rgmii_0_0_core/i_gmii_to_rgmii/i_reset_sync_mgmt_reset/reset_sync2/C
                         clock pessimism             -0.269     1.435    
    SLICE_X3Y66          FDPE (Hold_fdpe_C_D)        -0.006     1.429    design_1_i/gmii_to_rgmii_0/U0/design_1_gmii_to_rgmii_0_0_core/i_gmii_to_rgmii/i_reset_sync_mgmt_reset/reset_sync2
  -------------------------------------------------------------------
                         required time                         -1.429    
                         arrival time                           1.578    
  -------------------------------------------------------------------
                         slack                                  0.149    

Slack (MET) :             0.149ns  (arrival time - required time)
  Source:                 design_1_i/gmii_to_rgmii_0/U0/design_1_gmii_to_rgmii_0_0_core/i_gmii_to_rgmii/i_reset_sync_tx_reset/reset_sync1/C
                            (rising edge-triggered cell FDPE clocked by clk_fpga_0  {rise@0.000ns fall@2.500ns period=5.000ns})
  Destination:            design_1_i/gmii_to_rgmii_0/U0/design_1_gmii_to_rgmii_0_0_core/i_gmii_to_rgmii/i_reset_sync_tx_reset/reset_sync2/D
                            (rising edge-triggered cell FDPE clocked by clk_fpga_0  {rise@0.000ns fall@2.500ns period=5.000ns})
  Path Group:             clk_fpga_0
  Path Type:              Hold (Min at Fast Process Corner)
  Requirement:            0.000ns  (clk_fpga_0 rise@0.000ns - clk_fpga_0 rise@0.000ns)
  Data Path Delay:        0.143ns  (logic 0.091ns (63.783%)  route 0.052ns (36.217%))
  Logic Levels:           0  
  Clock Path Skew:        0.000ns (DCD - SCD - CPR)
    Destination Clock Delay (DCD):    1.706ns
    Source Clock Delay      (SCD):    1.436ns
    Clock Pessimism Removal (CPR):    0.270ns

    Location             Delay type                Incr(ns)  Path(ns)    Netlist Resource(s)
  -------------------------------------------------------------------    -------------------
                         (clock clk_fpga_0 rise edge)
                                                      0.000     0.000 r  
    PS7_X0Y0             PS7                          0.000     0.000 r  design_1_i/processing_system7_0/inst/PS7_i/FCLKCLK[0]
                         net (fo=1, routed)           0.725     0.725    design_1_i/processing_system7_0/inst/FCLK_CLK_unbuffered[0]
    BUFGCTRL_X0Y26       BUFG (Prop_bufg_I_O)         0.026     0.751 r  design_1_i/processing_system7_0/inst/buffer_fclk_clk_0.FCLK_CLK_0_BUFG/O
                         net (fo=119, routed)         0.685     1.436    design_1_i/gmii_to_rgmii_0/U0/design_1_gmii_to_rgmii_0_0_core/i_gmii_to_rgmii/i_reset_sync_tx_reset/ref_clk
    SLICE_X3Y64          FDPE                                         r  design_1_i/gmii_to_rgmii_0/U0/design_1_gmii_to_rgmii_0_0_core/i_gmii_to_rgmii/i_reset_sync_tx_reset/reset_sync1/C
  -------------------------------------------------------------------    -------------------
    SLICE_X3Y64          FDPE (Prop_fdpe_C_Q)         0.091     1.527 r  design_1_i/gmii_to_rgmii_0/U0/design_1_gmii_to_rgmii_0_0_core/i_gmii_to_rgmii/i_reset_sync_tx_reset/reset_sync1/Q
                         net (fo=1, routed)           0.052     1.579    design_1_i/gmii_to_rgmii_0/U0/design_1_gmii_to_rgmii_0_0_core/i_gmii_to_rgmii/i_reset_sync_tx_reset/reset_sync_reg1
    SLICE_X3Y64          FDPE                                         r  design_1_i/gmii_to_rgmii_0/U0/design_1_gmii_to_rgmii_0_0_core/i_gmii_to_rgmii/i_reset_sync_tx_reset/reset_sync2/D
  -------------------------------------------------------------------    -------------------

                         (clock clk_fpga_0 rise edge)
                                                      0.000     0.000 r  
    PS7_X0Y0             PS7                          0.000     0.000 r  design_1_i/processing_system7_0/inst/PS7_i/FCLKCLK[0]
                         net (fo=1, routed)           0.769     0.769    design_1_i/processing_system7_0/inst/FCLK_CLK_unbuffered[0]
    BUFGCTRL_X0Y26       BUFG (Prop_bufg_I_O)         0.030     0.799 r  design_1_i/processing_system7_0/inst/buffer_fclk_clk_0.FCLK_CLK_0_BUFG/O
                         net (fo=119, routed)         0.907     1.706    design_1_i/gmii_to_rgmii_0/U0/design_1_gmii_to_rgmii_0_0_core/i_gmii_to_rgmii/i_reset_sync_tx_reset/ref_clk
    SLICE_X3Y64          FDPE                                         r  design_1_i/gmii_to_rgmii_0/U0/design_1_gmii_to_rgmii_0_0_core/i_gmii_to_rgmii/i_reset_sync_tx_reset/reset_sync2/C
                         clock pessimism             -0.270     1.436    
    SLICE_X3Y64          FDPE (Hold_fdpe_C_D)        -0.006     1.430    design_1_i/gmii_to_rgmii_0/U0/design_1_gmii_to_rgmii_0_0_core/i_gmii_to_rgmii/i_reset_sync_tx_reset/reset_sync2
  -------------------------------------------------------------------
                         required time                         -1.430    
                         arrival time                           1.579    
  -------------------------------------------------------------------
                         slack                                  0.149    





Pulse Width Checks
--------------------------------------------------------------------------------------
Clock Name:         clk_fpga_0
Waveform(ns):       { 0.000 2.500 }
Period(ns):         5.000
Sources:            { design_1_i/processing_system7_0/inst/PS7_i/FCLKCLK[0] }

Check Type        Corner  Lib Pin            Reference Pin  Required(ns)  Actual(ns)  Slack(ns)  Location         Pin
Min Period        n/a     IDELAYCTRL/REFCLK  n/a            2.438         5.000       2.562      IDELAYCTRL_X0Y0  design_1_i/util_idelay_ctrl_0/inst/dlyctrl/REFCLK
Min Period        n/a     BUFG/I             n/a            1.409         5.000       3.592      BUFGCTRL_X0Y26   design_1_i/processing_system7_0/inst/buffer_fclk_clk_0.FCLK_CLK_0_BUFG/I
Min Period        n/a     FDRE/C             n/a            0.750         5.000       4.250      SLICE_X5Y69      design_1_i/gmii_to_rgmii_0/U0/design_1_gmii_to_rgmii_0_0_core/i_gmii_to_rgmii/i_MANAGEMENT/MDC_REG3_reg/C
Min Period        n/a     FDRE/C             n/a            0.750         5.000       4.250      SLICE_X4Y68      design_1_i/gmii_to_rgmii_0/U0/design_1_gmii_to_rgmii_0_0_core/i_gmii_to_rgmii/i_MANAGEMENT/MDIO_INTERFACE_1/ADDR_WR_reg[4]/C
Min Period        n/a     FDRE/C             n/a            0.750         5.000       4.250      SLICE_X2Y69      design_1_i/gmii_to_rgmii_0/U0/design_1_gmii_to_rgmii_0_0_core/i_gmii_to_rgmii/i_MANAGEMENT/MDIO_INTERFACE_1/SHIFT_REG_reg[5]/C
Min Period        n/a     FDRE/C             n/a            0.750         5.000       4.250      SLICE_X2Y69      design_1_i/gmii_to_rgmii_0/U0/design_1_gmii_to_rgmii_0_0_core/i_gmii_to_rgmii/i_MANAGEMENT/MDIO_INTERFACE_1/SHIFT_REG_reg[7]/C
Min Period        n/a     FDRE/C             n/a            0.750         5.000       4.250      SLICE_X2Y69      design_1_i/gmii_to_rgmii_0/U0/design_1_gmii_to_rgmii_0_0_core/i_gmii_to_rgmii/i_MANAGEMENT/MDIO_INTERFACE_1/SHIFT_REG_reg[9]/C
Min Period        n/a     FDRE/C             n/a            0.750         5.000       4.250      SLICE_X5Y70      design_1_i/gmii_to_rgmii_0/U0/design_1_gmii_to_rgmii_0_0_core/i_gmii_to_rgmii/i_MANAGEMENT/SYNC_MDC/data_sync_reg2/C
Min Period        n/a     FDRE/C             n/a            0.750         5.000       4.250      SLICE_X5Y70      design_1_i/gmii_to_rgmii_0/U0/design_1_gmii_to_rgmii_0_0_core/i_gmii_to_rgmii/i_MANAGEMENT/SYNC_MDC/data_sync_reg3/C
Min Period        n/a     FDRE/C             n/a            0.750         5.000       4.250      SLICE_X5Y70      design_1_i/gmii_to_rgmii_0/U0/design_1_gmii_to_rgmii_0_0_core/i_gmii_to_rgmii/i_MANAGEMENT/SYNC_MDC/data_sync_reg5/C
Max Period        n/a     IDELAYCTRL/REFCLK  n/a            5.264         5.000       0.264      IDELAYCTRL_X0Y0  design_1_i/util_idelay_ctrl_0/inst/dlyctrl/REFCLK
Low Pulse Width   Slow    SRL16E/CLK         n/a            0.642         2.500       1.858      SLICE_X16Y160    design_1_i/proc_sys_reset_1/U0/EXT_LPF/POR_SRL_I/CLK
Low Pulse Width   Fast    SRL16E/CLK         n/a            0.642         2.500       1.858      SLICE_X16Y160    design_1_i/proc_sys_reset_1/U0/EXT_LPF/POR_SRL_I/CLK
Low Pulse Width   Slow    FDRE/C             n/a            0.400         2.500       2.100      SLICE_X2Y69      design_1_i/gmii_to_rgmii_0/U0/design_1_gmii_to_rgmii_0_0_core/i_gmii_to_rgmii/i_MANAGEMENT/MDIO_INTERFACE_1/SHIFT_REG_reg[5]/C
Low Pulse Width   Slow    FDRE/C             n/a            0.400         2.500       2.100      SLICE_X2Y69      design_1_i/gmii_to_rgmii_0/U0/design_1_gmii_to_rgmii_0_0_core/i_gmii_to_rgmii/i_MANAGEMENT/MDIO_INTERFACE_1/SHIFT_REG_reg[7]/C
Low Pulse Width   Slow    FDRE/C             n/a            0.400         2.500       2.100      SLICE_X2Y69      design_1_i/gmii_to_rgmii_0/U0/design_1_gmii_to_rgmii_0_0_core/i_gmii_to_rgmii/i_MANAGEMENT/MDIO_INTERFACE_1/SHIFT_REG_reg[9]/C
Low Pulse Width   Slow    FDRE/C             n/a            0.400         2.500       2.100      SLICE_X4Y67      design_1_i/gmii_to_rgmii_0/U0/design_1_gmii_to_rgmii_0_0_core/i_gmii_to_rgmii/i_MANAGEMENT/SYNC_MDIO_IN/data_sync_reg2/C
Low Pulse Width   Slow    FDRE/C             n/a            0.400         2.500       2.100      SLICE_X4Y67      design_1_i/gmii_to_rgmii_0/U0/design_1_gmii_to_rgmii_0_0_core/i_gmii_to_rgmii/i_MANAGEMENT/SYNC_MDIO_IN/data_sync_reg3/C
Low Pulse Width   Slow    FDRE/C             n/a            0.400         2.500       2.100      SLICE_X4Y67      design_1_i/gmii_to_rgmii_0/U0/design_1_gmii_to_rgmii_0_0_core/i_gmii_to_rgmii/i_MANAGEMENT/SYNC_MDIO_IN/data_sync_reg5/C
Low Pulse Width   Slow    FDRE/C             n/a            0.400         2.500       2.100      SLICE_X5Y69      design_1_i/gmii_to_rgmii_0/U0/design_1_gmii_to_rgmii_0_0_core/i_gmii_to_rgmii/i_MANAGEMENT/MDC_REG3_reg/C
Low Pulse Width   Slow    FDRE/C             n/a            0.400         2.500       2.100      SLICE_X4Y68      design_1_i/gmii_to_rgmii_0/U0/design_1_gmii_to_rgmii_0_0_core/i_gmii_to_rgmii/i_MANAGEMENT/MDIO_INTERFACE_1/ADDR_WR_reg[4]/C
High Pulse Width  Slow    SRL16E/CLK         n/a            0.642         2.500       1.858      SLICE_X16Y160    design_1_i/proc_sys_reset_1/U0/EXT_LPF/POR_SRL_I/CLK
High Pulse Width  Fast    SRL16E/CLK         n/a            0.642         2.500       1.858      SLICE_X16Y160    design_1_i/proc_sys_reset_1/U0/EXT_LPF/POR_SRL_I/CLK
High Pulse Width  Slow    FDPE/C             n/a            0.350         2.500       2.150      SLICE_X2Y64      design_1_i/gmii_to_rgmii_0/U0/design_1_gmii_to_rgmii_0_0_core/i_gmii_to_rgmii/i_reset_sync_rx_reset/reset_sync1/C
High Pulse Width  Slow    FDPE/C             n/a            0.350         2.500       2.150      SLICE_X2Y64      design_1_i/gmii_to_rgmii_0/U0/design_1_gmii_to_rgmii_0_0_core/i_gmii_to_rgmii/i_reset_sync_rx_reset/reset_sync2/C
High Pulse Width  Slow    FDPE/C             n/a            0.350         2.500       2.150      SLICE_X2Y64      design_1_i/gmii_to_rgmii_0/U0/design_1_gmii_to_rgmii_0_0_core/i_gmii_to_rgmii/i_reset_sync_rx_reset/reset_sync3/C
High Pulse Width  Slow    FDPE/C             n/a            0.350         2.500       2.150      SLICE_X2Y64      design_1_i/gmii_to_rgmii_0/U0/design_1_gmii_to_rgmii_0_0_core/i_gmii_to_rgmii/i_reset_sync_rx_reset/reset_sync4/C
High Pulse Width  Slow    FDPE/C             n/a            0.350         2.500       2.150      SLICE_X2Y64      design_1_i/gmii_to_rgmii_0/U0/design_1_gmii_to_rgmii_0_0_core/i_gmii_to_rgmii/i_reset_sync_rx_reset/reset_sync5/C
High Pulse Width  Slow    FDPE/C             n/a            0.350         2.500       2.150      SLICE_X3Y64      design_1_i/gmii_to_rgmii_0/U0/design_1_gmii_to_rgmii_0_0_core/i_gmii_to_rgmii/i_reset_sync_tx_reset/reset_sync1/C
High Pulse Width  Slow    FDPE/C             n/a            0.350         2.500       2.150      SLICE_X3Y64      design_1_i/gmii_to_rgmii_0/U0/design_1_gmii_to_rgmii_0_0_core/i_gmii_to_rgmii/i_reset_sync_tx_reset/reset_sync2/C
High Pulse Width  Slow    FDPE/C             n/a            0.350         2.500       2.150      SLICE_X3Y64      design_1_i/gmii_to_rgmii_0/U0/design_1_gmii_to_rgmii_0_0_core/i_gmii_to_rgmii/i_reset_sync_tx_reset/reset_sync3/C



---------------------------------------------------------------------------------------------------
From Clock:  clk_fpga_1
  To Clock:  clk_fpga_1

Setup :            0  Failing Endpoints,  Worst Slack        1.748ns,  Total Violation        0.000ns
Hold  :            0  Failing Endpoints,  Worst Slack        0.164ns,  Total Violation        0.000ns
PW    :            0  Failing Endpoints,  Worst Slack        3.600ns,  Total Violation        0.000ns
---------------------------------------------------------------------------------------------------


Max Delay Paths
--------------------------------------------------------------------------------------
Slack (MET) :             1.748ns  (required time - arrival time)
  Source:                 design_1_i/processing_system7_0/inst/PS7_i/EMIOENET1GMIITXCLK
                            (rising edge-triggered cell PS7 clocked by clk_fpga_1  {rise@0.000ns fall@4.000ns period=8.000ns})
  Destination:            design_1_i/processing_system7_0/inst/ENET1_GMII_TXD_reg[1]/D
                            (rising edge-triggered cell FDRE clocked by clk_fpga_1  {rise@0.000ns fall@4.000ns period=8.000ns})
  Path Group:             clk_fpga_1
  Path Type:              Setup (Max at Slow Process Corner)
  Requirement:            8.000ns  (clk_fpga_1 rise@8.000ns - clk_fpga_1 rise@0.000ns)
  Data Path Delay:        5.669ns  (logic 1.682ns (29.672%)  route 3.987ns (70.328%))
  Logic Levels:           0  
  Clock Path Skew:        -0.456ns (DCD - SCD + CPR)
    Destination Clock Delay (DCD):    2.825ns = ( 10.825 - 8.000 ) 
    Source Clock Delay      (SCD):    3.455ns
    Clock Pessimism Removal (CPR):    0.174ns
  Clock Uncertainty:      0.125ns  ((TSJ^2 + TIJ^2)^1/2 + DJ) / 2 + PE
    Total System Jitter     (TSJ):    0.071ns
    Total Input Jitter      (TIJ):    0.240ns
    Discrete Jitter          (DJ):    0.000ns
    Phase Error              (PE):    0.000ns

    Location             Delay type                Incr(ns)  Path(ns)    Netlist Resource(s)
  -------------------------------------------------------------------    -------------------
                         (clock clk_fpga_1 rise edge)
                                                      0.000     0.000 r  
    PS7_X0Y0             PS7                          0.000     0.000 r  design_1_i/processing_system7_0/inst/PS7_i/FCLKCLK[1]
                         net (fo=1, routed)           1.339     1.339    design_1_i/processing_system7_0/inst/FCLK_CLK_unbuffered[1]
    BUFGCTRL_X0Y28       BUFG (Prop_bufg_I_O)         0.093     1.432 r  design_1_i/processing_system7_0/inst/buffer_fclk_clk_1.FCLK_CLK_1_BUFG/O
                         net (fo=1, routed)           0.132     1.564    design_1_i/gmii_to_rgmii_0/U0/gmii_clk_125m_in
    BUFGCTRL_X0Y27       BUFGCTRL (Prop_bufgctrl_I1_O)
                                                      0.093     1.657 r  design_1_i/gmii_to_rgmii_0/U0/i_bufgmux_gmii_clk/O
                         net (fo=47, routed)          1.798     3.455    design_1_i/processing_system7_0/inst/ENET1_GMII_TX_CLK
    PS7_X0Y0             PS7                                          r  design_1_i/processing_system7_0/inst/PS7_i/EMIOENET1GMIITXCLK
  -------------------------------------------------------------------    -------------------
    PS7_X0Y0             PS7 (Prop_ps7_EMIOENET1GMIITXCLK_EMIOENET1GMIITXD[1])
                                                      1.682     5.137 r  design_1_i/processing_system7_0/inst/PS7_i/EMIOENET1GMIITXD[1]
                         net (fo=1, routed)           3.987     9.124    design_1_i/processing_system7_0/inst/ENET1_GMII_TXD_i[1]
    SLICE_X10Y203        FDRE                                         r  design_1_i/processing_system7_0/inst/ENET1_GMII_TXD_reg[1]/D
  -------------------------------------------------------------------    -------------------

                         (clock clk_fpga_1 rise edge)
                                                      8.000     8.000 r  
    PS7_X0Y0             PS7                          0.000     8.000 r  design_1_i/processing_system7_0/inst/PS7_i/FCLKCLK[1]
                         net (fo=1, routed)           1.241     9.241    design_1_i/processing_system7_0/inst/FCLK_CLK_unbuffered[1]
    BUFGCTRL_X0Y28       BUFG (Prop_bufg_I_O)         0.083     9.324 r  design_1_i/processing_system7_0/inst/buffer_fclk_clk_1.FCLK_CLK_1_BUFG/O
                         net (fo=1, routed)           0.119     9.443    design_1_i/gmii_to_rgmii_0/U0/gmii_clk_125m_in
    BUFGCTRL_X0Y27       BUFGCTRL (Prop_bufgctrl_I1_O)
                                                      0.083     9.526 r  design_1_i/gmii_to_rgmii_0/U0/i_bufgmux_gmii_clk/O
                         net (fo=47, routed)          1.299    10.825    design_1_i/processing_system7_0/inst/ENET1_GMII_TX_CLK
    SLICE_X10Y203        FDRE                                         r  design_1_i/processing_system7_0/inst/ENET1_GMII_TXD_reg[1]/C
                         clock pessimism              0.174    10.999    
                         clock uncertainty           -0.125    10.874    
    SLICE_X10Y203        FDRE (Setup_fdre_C_D)       -0.002    10.872    design_1_i/processing_system7_0/inst/ENET1_GMII_TXD_reg[1]
  -------------------------------------------------------------------
                         required time                         10.872    
                         arrival time                          -9.124    
  -------------------------------------------------------------------
                         slack                                  1.748    

Slack (MET) :             1.864ns  (required time - arrival time)
  Source:                 design_1_i/processing_system7_0/inst/PS7_i/EMIOENET1GMIITXCLK
                            (rising edge-triggered cell PS7 clocked by clk_fpga_1  {rise@0.000ns fall@4.000ns period=8.000ns})
  Destination:            design_1_i/processing_system7_0/inst/ENET1_GMII_TXD_reg[5]/D
                            (rising edge-triggered cell FDRE clocked by clk_fpga_1  {rise@0.000ns fall@4.000ns period=8.000ns})
  Path Group:             clk_fpga_1
  Path Type:              Setup (Max at Slow Process Corner)
  Requirement:            8.000ns  (clk_fpga_1 rise@8.000ns - clk_fpga_1 rise@0.000ns)
  Data Path Delay:        5.555ns  (logic 1.682ns (30.281%)  route 3.873ns (69.719%))
  Logic Levels:           0  
  Clock Path Skew:        -0.456ns (DCD - SCD + CPR)
    Destination Clock Delay (DCD):    2.825ns = ( 10.825 - 8.000 ) 
    Source Clock Delay      (SCD):    3.455ns
    Clock Pessimism Removal (CPR):    0.174ns
  Clock Uncertainty:      0.125ns  ((TSJ^2 + TIJ^2)^1/2 + DJ) / 2 + PE
    Total System Jitter     (TSJ):    0.071ns
    Total Input Jitter      (TIJ):    0.240ns
    Discrete Jitter          (DJ):    0.000ns
    Phase Error              (PE):    0.000ns

    Location             Delay type                Incr(ns)  Path(ns)    Netlist Resource(s)
  -------------------------------------------------------------------    -------------------
                         (clock clk_fpga_1 rise edge)
                                                      0.000     0.000 r  
    PS7_X0Y0             PS7                          0.000     0.000 r  design_1_i/processing_system7_0/inst/PS7_i/FCLKCLK[1]
                         net (fo=1, routed)           1.339     1.339    design_1_i/processing_system7_0/inst/FCLK_CLK_unbuffered[1]
    BUFGCTRL_X0Y28       BUFG (Prop_bufg_I_O)         0.093     1.432 r  design_1_i/processing_system7_0/inst/buffer_fclk_clk_1.FCLK_CLK_1_BUFG/O
                         net (fo=1, routed)           0.132     1.564    design_1_i/gmii_to_rgmii_0/U0/gmii_clk_125m_in
    BUFGCTRL_X0Y27       BUFGCTRL (Prop_bufgctrl_I1_O)
                                                      0.093     1.657 r  design_1_i/gmii_to_rgmii_0/U0/i_bufgmux_gmii_clk/O
                         net (fo=47, routed)          1.798     3.455    design_1_i/processing_system7_0/inst/ENET1_GMII_TX_CLK
    PS7_X0Y0             PS7                                          r  design_1_i/processing_system7_0/inst/PS7_i/EMIOENET1GMIITXCLK
  -------------------------------------------------------------------    -------------------
    PS7_X0Y0             PS7 (Prop_ps7_EMIOENET1GMIITXCLK_EMIOENET1GMIITXD[5])
                                                      1.682     5.137 r  design_1_i/processing_system7_0/inst/PS7_i/EMIOENET1GMIITXD[5]
                         net (fo=1, routed)           3.873     9.010    design_1_i/processing_system7_0/inst/ENET1_GMII_TXD_i[5]
    SLICE_X10Y203        FDRE                                         r  design_1_i/processing_system7_0/inst/ENET1_GMII_TXD_reg[5]/D
  -------------------------------------------------------------------    -------------------

                         (clock clk_fpga_1 rise edge)
                                                      8.000     8.000 r  
    PS7_X0Y0             PS7                          0.000     8.000 r  design_1_i/processing_system7_0/inst/PS7_i/FCLKCLK[1]
                         net (fo=1, routed)           1.241     9.241    design_1_i/processing_system7_0/inst/FCLK_CLK_unbuffered[1]
    BUFGCTRL_X0Y28       BUFG (Prop_bufg_I_O)         0.083     9.324 r  design_1_i/processing_system7_0/inst/buffer_fclk_clk_1.FCLK_CLK_1_BUFG/O
                         net (fo=1, routed)           0.119     9.443    design_1_i/gmii_to_rgmii_0/U0/gmii_clk_125m_in
    BUFGCTRL_X0Y27       BUFGCTRL (Prop_bufgctrl_I1_O)
                                                      0.083     9.526 r  design_1_i/gmii_to_rgmii_0/U0/i_bufgmux_gmii_clk/O
                         net (fo=47, routed)          1.299    10.825    design_1_i/processing_system7_0/inst/ENET1_GMII_TX_CLK
    SLICE_X10Y203        FDRE                                         r  design_1_i/processing_system7_0/inst/ENET1_GMII_TXD_reg[5]/C
                         clock pessimism              0.174    10.999    
                         clock uncertainty           -0.125    10.874    
    SLICE_X10Y203        FDRE (Setup_fdre_C_D)        0.000    10.874    design_1_i/processing_system7_0/inst/ENET1_GMII_TXD_reg[5]
  -------------------------------------------------------------------
                         required time                         10.874    
                         arrival time                          -9.010    
  -------------------------------------------------------------------
                         slack                                  1.864    

Slack (MET) :             2.202ns  (required time - arrival time)
  Source:                 design_1_i/processing_system7_0/inst/PS7_i/EMIOENET1GMIITXCLK
                            (rising edge-triggered cell PS7 clocked by clk_fpga_1  {rise@0.000ns fall@4.000ns period=8.000ns})
  Destination:            design_1_i/processing_system7_0/inst/ENET1_GMII_TXD_reg[2]/D
                            (rising edge-triggered cell FDRE clocked by clk_fpga_1  {rise@0.000ns fall@4.000ns period=8.000ns})
  Path Group:             clk_fpga_1
  Path Type:              Setup (Max at Slow Process Corner)
  Requirement:            8.000ns  (clk_fpga_1 rise@8.000ns - clk_fpga_1 rise@0.000ns)
  Data Path Delay:        5.195ns  (logic 1.682ns (32.380%)  route 3.513ns (67.620%))
  Logic Levels:           0  
  Clock Path Skew:        -0.456ns (DCD - SCD + CPR)
    Destination Clock Delay (DCD):    2.825ns = ( 10.825 - 8.000 ) 
    Source Clock Delay      (SCD):    3.455ns
    Clock Pessimism Removal (CPR):    0.174ns
  Clock Uncertainty:      0.125ns  ((TSJ^2 + TIJ^2)^1/2 + DJ) / 2 + PE
    Total System Jitter     (TSJ):    0.071ns
    Total Input Jitter      (TIJ):    0.240ns
    Discrete Jitter          (DJ):    0.000ns
    Phase Error              (PE):    0.000ns

    Location             Delay type                Incr(ns)  Path(ns)    Netlist Resource(s)
  -------------------------------------------------------------------    -------------------
                         (clock clk_fpga_1 rise edge)
                                                      0.000     0.000 r  
    PS7_X0Y0             PS7                          0.000     0.000 r  design_1_i/processing_system7_0/inst/PS7_i/FCLKCLK[1]
                         net (fo=1, routed)           1.339     1.339    design_1_i/processing_system7_0/inst/FCLK_CLK_unbuffered[1]
    BUFGCTRL_X0Y28       BUFG (Prop_bufg_I_O)         0.093     1.432 r  design_1_i/processing_system7_0/inst/buffer_fclk_clk_1.FCLK_CLK_1_BUFG/O
                         net (fo=1, routed)           0.132     1.564    design_1_i/gmii_to_rgmii_0/U0/gmii_clk_125m_in
    BUFGCTRL_X0Y27       BUFGCTRL (Prop_bufgctrl_I1_O)
                                                      0.093     1.657 r  design_1_i/gmii_to_rgmii_0/U0/i_bufgmux_gmii_clk/O
                         net (fo=47, routed)          1.798     3.455    design_1_i/processing_system7_0/inst/ENET1_GMII_TX_CLK
    PS7_X0Y0             PS7                                          r  design_1_i/processing_system7_0/inst/PS7_i/EMIOENET1GMIITXCLK
  -------------------------------------------------------------------    -------------------
    PS7_X0Y0             PS7 (Prop_ps7_EMIOENET1GMIITXCLK_EMIOENET1GMIITXD[2])
                                                      1.682     5.137 r  design_1_i/processing_system7_0/inst/PS7_i/EMIOENET1GMIITXD[2]
                         net (fo=1, routed)           3.513     8.650    design_1_i/processing_system7_0/inst/ENET1_GMII_TXD_i[2]
    SLICE_X11Y201        FDRE                                         r  design_1_i/processing_system7_0/inst/ENET1_GMII_TXD_reg[2]/D
  -------------------------------------------------------------------    -------------------

                         (clock clk_fpga_1 rise edge)
                                                      8.000     8.000 r  
    PS7_X0Y0             PS7                          0.000     8.000 r  design_1_i/processing_system7_0/inst/PS7_i/FCLKCLK[1]
                         net (fo=1, routed)           1.241     9.241    design_1_i/processing_system7_0/inst/FCLK_CLK_unbuffered[1]
    BUFGCTRL_X0Y28       BUFG (Prop_bufg_I_O)         0.083     9.324 r  design_1_i/processing_system7_0/inst/buffer_fclk_clk_1.FCLK_CLK_1_BUFG/O
                         net (fo=1, routed)           0.119     9.443    design_1_i/gmii_to_rgmii_0/U0/gmii_clk_125m_in
    BUFGCTRL_X0Y27       BUFGCTRL (Prop_bufgctrl_I1_O)
                                                      0.083     9.526 r  design_1_i/gmii_to_rgmii_0/U0/i_bufgmux_gmii_clk/O
                         net (fo=47, routed)          1.299    10.825    design_1_i/processing_system7_0/inst/ENET1_GMII_TX_CLK
    SLICE_X11Y201        FDRE                                         r  design_1_i/processing_system7_0/inst/ENET1_GMII_TXD_reg[2]/C
                         clock pessimism              0.174    10.999    
                         clock uncertainty           -0.125    10.874    
    SLICE_X11Y201        FDRE (Setup_fdre_C_D)       -0.022    10.852    design_1_i/processing_system7_0/inst/ENET1_GMII_TXD_reg[2]
  -------------------------------------------------------------------
                         required time                         10.852    
                         arrival time                          -8.650    
  -------------------------------------------------------------------
                         slack                                  2.202    

Slack (MET) :             2.519ns  (required time - arrival time)
  Source:                 design_1_i/processing_system7_0/inst/PS7_i/EMIOENET1GMIITXCLK
                            (rising edge-triggered cell PS7 clocked by clk_fpga_1  {rise@0.000ns fall@4.000ns period=8.000ns})
  Destination:            design_1_i/processing_system7_0/inst/ENET1_GMII_TXD_reg[6]/D
                            (rising edge-triggered cell FDRE clocked by clk_fpga_1  {rise@0.000ns fall@4.000ns period=8.000ns})
  Path Group:             clk_fpga_1
  Path Type:              Setup (Max at Slow Process Corner)
  Requirement:            8.000ns  (clk_fpga_1 rise@8.000ns - clk_fpga_1 rise@0.000ns)
  Data Path Delay:        4.897ns  (logic 1.682ns (34.346%)  route 3.215ns (65.654%))
  Logic Levels:           0  
  Clock Path Skew:        -0.456ns (DCD - SCD + CPR)
    Destination Clock Delay (DCD):    2.825ns = ( 10.825 - 8.000 ) 
    Source Clock Delay      (SCD):    3.455ns
    Clock Pessimism Removal (CPR):    0.174ns
  Clock Uncertainty:      0.125ns  ((TSJ^2 + TIJ^2)^1/2 + DJ) / 2 + PE
    Total System Jitter     (TSJ):    0.071ns
    Total Input Jitter      (TIJ):    0.240ns
    Discrete Jitter          (DJ):    0.000ns
    Phase Error              (PE):    0.000ns

    Location             Delay type                Incr(ns)  Path(ns)    Netlist Resource(s)
  -------------------------------------------------------------------    -------------------
                         (clock clk_fpga_1 rise edge)
                                                      0.000     0.000 r  
    PS7_X0Y0             PS7                          0.000     0.000 r  design_1_i/processing_system7_0/inst/PS7_i/FCLKCLK[1]
                         net (fo=1, routed)           1.339     1.339    design_1_i/processing_system7_0/inst/FCLK_CLK_unbuffered[1]
    BUFGCTRL_X0Y28       BUFG (Prop_bufg_I_O)         0.093     1.432 r  design_1_i/processing_system7_0/inst/buffer_fclk_clk_1.FCLK_CLK_1_BUFG/O
                         net (fo=1, routed)           0.132     1.564    design_1_i/gmii_to_rgmii_0/U0/gmii_clk_125m_in
    BUFGCTRL_X0Y27       BUFGCTRL (Prop_bufgctrl_I1_O)
                                                      0.093     1.657 r  design_1_i/gmii_to_rgmii_0/U0/i_bufgmux_gmii_clk/O
                         net (fo=47, routed)          1.798     3.455    design_1_i/processing_system7_0/inst/ENET1_GMII_TX_CLK
    PS7_X0Y0             PS7                                          r  design_1_i/processing_system7_0/inst/PS7_i/EMIOENET1GMIITXCLK
  -------------------------------------------------------------------    -------------------
    PS7_X0Y0             PS7 (Prop_ps7_EMIOENET1GMIITXCLK_EMIOENET1GMIITXD[6])
                                                      1.682     5.137 r  design_1_i/processing_system7_0/inst/PS7_i/EMIOENET1GMIITXD[6]
                         net (fo=1, routed)           3.215     8.352    design_1_i/processing_system7_0/inst/ENET1_GMII_TXD_i[6]
    SLICE_X10Y201        FDRE                                         r  design_1_i/processing_system7_0/inst/ENET1_GMII_TXD_reg[6]/D
  -------------------------------------------------------------------    -------------------

                         (clock clk_fpga_1 rise edge)
                                                      8.000     8.000 r  
    PS7_X0Y0             PS7                          0.000     8.000 r  design_1_i/processing_system7_0/inst/PS7_i/FCLKCLK[1]
                         net (fo=1, routed)           1.241     9.241    design_1_i/processing_system7_0/inst/FCLK_CLK_unbuffered[1]
    BUFGCTRL_X0Y28       BUFG (Prop_bufg_I_O)         0.083     9.324 r  design_1_i/processing_system7_0/inst/buffer_fclk_clk_1.FCLK_CLK_1_BUFG/O
                         net (fo=1, routed)           0.119     9.443    design_1_i/gmii_to_rgmii_0/U0/gmii_clk_125m_in
    BUFGCTRL_X0Y27       BUFGCTRL (Prop_bufgctrl_I1_O)
                                                      0.083     9.526 r  design_1_i/gmii_to_rgmii_0/U0/i_bufgmux_gmii_clk/O
                         net (fo=47, routed)          1.299    10.825    design_1_i/processing_system7_0/inst/ENET1_GMII_TX_CLK
    SLICE_X10Y201        FDRE                                         r  design_1_i/processing_system7_0/inst/ENET1_GMII_TXD_reg[6]/C
                         clock pessimism              0.174    10.999    
                         clock uncertainty           -0.125    10.874    
    SLICE_X10Y201        FDRE (Setup_fdre_C_D)       -0.002    10.872    design_1_i/processing_system7_0/inst/ENET1_GMII_TXD_reg[6]
  -------------------------------------------------------------------
                         required time                         10.872    
                         arrival time                          -8.352    
  -------------------------------------------------------------------
                         slack                                  2.519    

Slack (MET) :             2.585ns  (required time - arrival time)
  Source:                 design_1_i/processing_system7_0/inst/ENET1_GMII_TXD_reg[4]/C
                            (rising edge-triggered cell FDRE clocked by clk_fpga_1  {rise@0.000ns fall@4.000ns period=8.000ns})
  Destination:            design_1_i/gmii_to_rgmii_0/U0/design_1_gmii_to_rgmii_0_0_core/i_gmii_to_rgmii/i_gmii_to_rgmii/gmii_txd_int_reg[4]/D
                            (rising edge-triggered cell FDRE clocked by clk_fpga_1  {rise@0.000ns fall@4.000ns period=8.000ns})
  Path Group:             clk_fpga_1
  Path Type:              Setup (Max at Slow Process Corner)
  Requirement:            8.000ns  (clk_fpga_1 rise@8.000ns - clk_fpga_1 rise@0.000ns)
  Data Path Delay:        5.248ns  (logic 0.223ns (4.249%)  route 5.025ns (95.751%))
  Logic Levels:           0  
  Clock Path Skew:        -0.065ns (DCD - SCD + CPR)
    Destination Clock Delay (DCD):    2.932ns = ( 10.932 - 8.000 ) 
    Source Clock Delay      (SCD):    3.128ns
    Clock Pessimism Removal (CPR):    0.131ns
  Clock Uncertainty:      0.125ns  ((TSJ^2 + TIJ^2)^1/2 + DJ) / 2 + PE
    Total System Jitter     (TSJ):    0.071ns
    Total Input Jitter      (TIJ):    0.240ns
    Discrete Jitter          (DJ):    0.000ns
    Phase Error              (PE):    0.000ns

    Location             Delay type                Incr(ns)  Path(ns)    Netlist Resource(s)
  -------------------------------------------------------------------    -------------------
                         (clock clk_fpga_1 rise edge)
                                                      0.000     0.000 r  
    PS7_X0Y0             PS7                          0.000     0.000 r  design_1_i/processing_system7_0/inst/PS7_i/FCLKCLK[1]
                         net (fo=1, routed)           1.339     1.339    design_1_i/processing_system7_0/inst/FCLK_CLK_unbuffered[1]
    BUFGCTRL_X0Y28       BUFG (Prop_bufg_I_O)         0.093     1.432 r  design_1_i/processing_system7_0/inst/buffer_fclk_clk_1.FCLK_CLK_1_BUFG/O
                         net (fo=1, routed)           0.132     1.564    design_1_i/gmii_to_rgmii_0/U0/gmii_clk_125m_in
    BUFGCTRL_X0Y27       BUFGCTRL (Prop_bufgctrl_I1_O)
                                                      0.093     1.657 r  design_1_i/gmii_to_rgmii_0/U0/i_bufgmux_gmii_clk/O
                         net (fo=47, routed)          1.471     3.128    design_1_i/processing_system7_0/inst/ENET1_GMII_TX_CLK
    SLICE_X11Y201        FDRE                                         r  design_1_i/processing_system7_0/inst/ENET1_GMII_TXD_reg[4]/C
  -------------------------------------------------------------------    -------------------
    SLICE_X11Y201        FDRE (Prop_fdre_C_Q)         0.223     3.351 r  design_1_i/processing_system7_0/inst/ENET1_GMII_TXD_reg[4]/Q
                         net (fo=1, routed)           5.025     8.376    design_1_i/gmii_to_rgmii_0/U0/design_1_gmii_to_rgmii_0_0_core/i_gmii_to_rgmii/i_gmii_to_rgmii/gmii_txd[4]
    SLICE_X0Y67          FDRE                                         r  design_1_i/gmii_to_rgmii_0/U0/design_1_gmii_to_rgmii_0_0_core/i_gmii_to_rgmii/i_gmii_to_rgmii/gmii_txd_int_reg[4]/D
  -------------------------------------------------------------------    -------------------

                         (clock clk_fpga_1 rise edge)
                                                      8.000     8.000 r  
    PS7_X0Y0             PS7                          0.000     8.000 r  design_1_i/processing_system7_0/inst/PS7_i/FCLKCLK[1]
                         net (fo=1, routed)           1.241     9.241    design_1_i/processing_system7_0/inst/FCLK_CLK_unbuffered[1]
    BUFGCTRL_X0Y28       BUFG (Prop_bufg_I_O)         0.083     9.324 r  design_1_i/processing_system7_0/inst/buffer_fclk_clk_1.FCLK_CLK_1_BUFG/O
                         net (fo=1, routed)           0.119     9.443    design_1_i/gmii_to_rgmii_0/U0/gmii_clk_125m_in
    BUFGCTRL_X0Y27       BUFGCTRL (Prop_bufgctrl_I1_O)
                                                      0.083     9.526 r  design_1_i/gmii_to_rgmii_0/U0/i_bufgmux_gmii_clk/O
                         net (fo=47, routed)          1.406    10.932    design_1_i/gmii_to_rgmii_0/U0/design_1_gmii_to_rgmii_0_0_core/i_gmii_to_rgmii/i_gmii_to_rgmii/gmii_tx_clk
    SLICE_X0Y67          FDRE                                         r  design_1_i/gmii_to_rgmii_0/U0/design_1_gmii_to_rgmii_0_0_core/i_gmii_to_rgmii/i_gmii_to_rgmii/gmii_txd_int_reg[4]/C
                         clock pessimism              0.131    11.063    
                         clock uncertainty           -0.125    10.938    
    SLICE_X0Y67          FDRE (Setup_fdre_C_D)        0.023    10.961    design_1_i/gmii_to_rgmii_0/U0/design_1_gmii_to_rgmii_0_0_core/i_gmii_to_rgmii/i_gmii_to_rgmii/gmii_txd_int_reg[4]
  -------------------------------------------------------------------
                         required time                         10.961    
                         arrival time                          -8.376    
  -------------------------------------------------------------------
                         slack                                  2.585    

Slack (MET) :             2.591ns  (required time - arrival time)
  Source:                 design_1_i/processing_system7_0/inst/PS7_i/EMIOENET1GMIITXCLK
                            (rising edge-triggered cell PS7 clocked by clk_fpga_1  {rise@0.000ns fall@4.000ns period=8.000ns})
  Destination:            design_1_i/processing_system7_0/inst/ENET1_GMII_TXD_reg[3]/D
                            (rising edge-triggered cell FDRE clocked by clk_fpga_1  {rise@0.000ns fall@4.000ns period=8.000ns})
  Path Group:             clk_fpga_1
  Path Type:              Setup (Max at Slow Process Corner)
  Requirement:            8.000ns  (clk_fpga_1 rise@8.000ns - clk_fpga_1 rise@0.000ns)
  Data Path Delay:        4.818ns  (logic 1.682ns (34.911%)  route 3.136ns (65.089%))
  Logic Levels:           0  
  Clock Path Skew:        -0.456ns (DCD - SCD + CPR)
    Destination Clock Delay (DCD):    2.825ns = ( 10.825 - 8.000 ) 
    Source Clock Delay      (SCD):    3.455ns
    Clock Pessimism Removal (CPR):    0.174ns
  Clock Uncertainty:      0.125ns  ((TSJ^2 + TIJ^2)^1/2 + DJ) / 2 + PE
    Total System Jitter     (TSJ):    0.071ns
    Total Input Jitter      (TIJ):    0.240ns
    Discrete Jitter          (DJ):    0.000ns
    Phase Error              (PE):    0.000ns

    Location             Delay type                Incr(ns)  Path(ns)    Netlist Resource(s)
  -------------------------------------------------------------------    -------------------
                         (clock clk_fpga_1 rise edge)
                                                      0.000     0.000 r  
    PS7_X0Y0             PS7                          0.000     0.000 r  design_1_i/processing_system7_0/inst/PS7_i/FCLKCLK[1]
                         net (fo=1, routed)           1.339     1.339    design_1_i/processing_system7_0/inst/FCLK_CLK_unbuffered[1]
    BUFGCTRL_X0Y28       BUFG (Prop_bufg_I_O)         0.093     1.432 r  design_1_i/processing_system7_0/inst/buffer_fclk_clk_1.FCLK_CLK_1_BUFG/O
                         net (fo=1, routed)           0.132     1.564    design_1_i/gmii_to_rgmii_0/U0/gmii_clk_125m_in
    BUFGCTRL_X0Y27       BUFGCTRL (Prop_bufgctrl_I1_O)
                                                      0.093     1.657 r  design_1_i/gmii_to_rgmii_0/U0/i_bufgmux_gmii_clk/O
                         net (fo=47, routed)          1.798     3.455    design_1_i/processing_system7_0/inst/ENET1_GMII_TX_CLK
    PS7_X0Y0             PS7                                          r  design_1_i/processing_system7_0/inst/PS7_i/EMIOENET1GMIITXCLK
  -------------------------------------------------------------------    -------------------
    PS7_X0Y0             PS7 (Prop_ps7_EMIOENET1GMIITXCLK_EMIOENET1GMIITXD[3])
                                                      1.682     5.137 r  design_1_i/processing_system7_0/inst/PS7_i/EMIOENET1GMIITXD[3]
                         net (fo=1, routed)           3.136     8.273    design_1_i/processing_system7_0/inst/ENET1_GMII_TXD_i[3]
    SLICE_X10Y203        FDRE                                         r  design_1_i/processing_system7_0/inst/ENET1_GMII_TXD_reg[3]/D
  -------------------------------------------------------------------    -------------------

                         (clock clk_fpga_1 rise edge)
                                                      8.000     8.000 r  
    PS7_X0Y0             PS7                          0.000     8.000 r  design_1_i/processing_system7_0/inst/PS7_i/FCLKCLK[1]
                         net (fo=1, routed)           1.241     9.241    design_1_i/processing_system7_0/inst/FCLK_CLK_unbuffered[1]
    BUFGCTRL_X0Y28       BUFG (Prop_bufg_I_O)         0.083     9.324 r  design_1_i/processing_system7_0/inst/buffer_fclk_clk_1.FCLK_CLK_1_BUFG/O
                         net (fo=1, routed)           0.119     9.443    design_1_i/gmii_to_rgmii_0/U0/gmii_clk_125m_in
    BUFGCTRL_X0Y27       BUFGCTRL (Prop_bufgctrl_I1_O)
                                                      0.083     9.526 r  design_1_i/gmii_to_rgmii_0/U0/i_bufgmux_gmii_clk/O
                         net (fo=47, routed)          1.299    10.825    design_1_i/processing_system7_0/inst/ENET1_GMII_TX_CLK
    SLICE_X10Y203        FDRE                                         r  design_1_i/processing_system7_0/inst/ENET1_GMII_TXD_reg[3]/C
                         clock pessimism              0.174    10.999    
                         clock uncertainty           -0.125    10.874    
    SLICE_X10Y203        FDRE (Setup_fdre_C_D)       -0.010    10.864    design_1_i/processing_system7_0/inst/ENET1_GMII_TXD_reg[3]
  -------------------------------------------------------------------
                         required time                         10.864    
                         arrival time                          -8.273    
  -------------------------------------------------------------------
                         slack                                  2.591    

Slack (MET) :             2.729ns  (required time - arrival time)
  Source:                 design_1_i/processing_system7_0/inst/PS7_i/EMIOENET1GMIITXCLK
                            (rising edge-triggered cell PS7 clocked by clk_fpga_1  {rise@0.000ns fall@4.000ns period=8.000ns})
  Destination:            design_1_i/processing_system7_0/inst/ENET1_GMII_TXD_reg[7]/D
                            (rising edge-triggered cell FDRE clocked by clk_fpga_1  {rise@0.000ns fall@4.000ns period=8.000ns})
  Path Group:             clk_fpga_1
  Path Type:              Setup (Max at Slow Process Corner)
  Requirement:            8.000ns  (clk_fpga_1 rise@8.000ns - clk_fpga_1 rise@0.000ns)
  Data Path Delay:        4.679ns  (logic 1.682ns (35.945%)  route 2.997ns (64.055%))
  Logic Levels:           0  
  Clock Path Skew:        -0.456ns (DCD - SCD + CPR)
    Destination Clock Delay (DCD):    2.825ns = ( 10.825 - 8.000 ) 
    Source Clock Delay      (SCD):    3.455ns
    Clock Pessimism Removal (CPR):    0.174ns
  Clock Uncertainty:      0.125ns  ((TSJ^2 + TIJ^2)^1/2 + DJ) / 2 + PE
    Total System Jitter     (TSJ):    0.071ns
    Total Input Jitter      (TIJ):    0.240ns
    Discrete Jitter          (DJ):    0.000ns
    Phase Error              (PE):    0.000ns

    Location             Delay type                Incr(ns)  Path(ns)    Netlist Resource(s)
  -------------------------------------------------------------------    -------------------
                         (clock clk_fpga_1 rise edge)
                                                      0.000     0.000 r  
    PS7_X0Y0             PS7                          0.000     0.000 r  design_1_i/processing_system7_0/inst/PS7_i/FCLKCLK[1]
                         net (fo=1, routed)           1.339     1.339    design_1_i/processing_system7_0/inst/FCLK_CLK_unbuffered[1]
    BUFGCTRL_X0Y28       BUFG (Prop_bufg_I_O)         0.093     1.432 r  design_1_i/processing_system7_0/inst/buffer_fclk_clk_1.FCLK_CLK_1_BUFG/O
                         net (fo=1, routed)           0.132     1.564    design_1_i/gmii_to_rgmii_0/U0/gmii_clk_125m_in
    BUFGCTRL_X0Y27       BUFGCTRL (Prop_bufgctrl_I1_O)
                                                      0.093     1.657 r  design_1_i/gmii_to_rgmii_0/U0/i_bufgmux_gmii_clk/O
                         net (fo=47, routed)          1.798     3.455    design_1_i/processing_system7_0/inst/ENET1_GMII_TX_CLK
    PS7_X0Y0             PS7                                          r  design_1_i/processing_system7_0/inst/PS7_i/EMIOENET1GMIITXCLK
  -------------------------------------------------------------------    -------------------
    PS7_X0Y0             PS7 (Prop_ps7_EMIOENET1GMIITXCLK_EMIOENET1GMIITXD[7])
                                                      1.682     5.137 r  design_1_i/processing_system7_0/inst/PS7_i/EMIOENET1GMIITXD[7]
                         net (fo=1, routed)           2.997     8.134    design_1_i/processing_system7_0/inst/ENET1_GMII_TXD_i[7]
    SLICE_X10Y201        FDRE                                         r  design_1_i/processing_system7_0/inst/ENET1_GMII_TXD_reg[7]/D
  -------------------------------------------------------------------    -------------------

                         (clock clk_fpga_1 rise edge)
                                                      8.000     8.000 r  
    PS7_X0Y0             PS7                          0.000     8.000 r  design_1_i/processing_system7_0/inst/PS7_i/FCLKCLK[1]
                         net (fo=1, routed)           1.241     9.241    design_1_i/processing_system7_0/inst/FCLK_CLK_unbuffered[1]
    BUFGCTRL_X0Y28       BUFG (Prop_bufg_I_O)         0.083     9.324 r  design_1_i/processing_system7_0/inst/buffer_fclk_clk_1.FCLK_CLK_1_BUFG/O
                         net (fo=1, routed)           0.119     9.443    design_1_i/gmii_to_rgmii_0/U0/gmii_clk_125m_in
    BUFGCTRL_X0Y27       BUFGCTRL (Prop_bufgctrl_I1_O)
                                                      0.083     9.526 r  design_1_i/gmii_to_rgmii_0/U0/i_bufgmux_gmii_clk/O
                         net (fo=47, routed)          1.299    10.825    design_1_i/processing_system7_0/inst/ENET1_GMII_TX_CLK
    SLICE_X10Y201        FDRE                                         r  design_1_i/processing_system7_0/inst/ENET1_GMII_TXD_reg[7]/C
                         clock pessimism              0.174    10.999    
                         clock uncertainty           -0.125    10.874    
    SLICE_X10Y201        FDRE (Setup_fdre_C_D)       -0.010    10.864    design_1_i/processing_system7_0/inst/ENET1_GMII_TXD_reg[7]
  -------------------------------------------------------------------
                         required time                         10.864    
                         arrival time                          -8.134    
  -------------------------------------------------------------------
                         slack                                  2.729    

Slack (MET) :             3.018ns  (required time - arrival time)
  Source:                 design_1_i/processing_system7_0/inst/PS7_i/EMIOENET1GMIITXCLK
                            (rising edge-triggered cell PS7 clocked by clk_fpga_1  {rise@0.000ns fall@4.000ns period=8.000ns})
  Destination:            design_1_i/processing_system7_0/inst/ENET1_GMII_TXD_reg[4]/D
                            (rising edge-triggered cell FDRE clocked by clk_fpga_1  {rise@0.000ns fall@4.000ns period=8.000ns})
  Path Group:             clk_fpga_1
  Path Type:              Setup (Max at Slow Process Corner)
  Requirement:            8.000ns  (clk_fpga_1 rise@8.000ns - clk_fpga_1 rise@0.000ns)
  Data Path Delay:        4.370ns  (logic 1.682ns (38.491%)  route 2.688ns (61.509%))
  Logic Levels:           0  
  Clock Path Skew:        -0.456ns (DCD - SCD + CPR)
    Destination Clock Delay (DCD):    2.825ns = ( 10.825 - 8.000 ) 
    Source Clock Delay      (SCD):    3.455ns
    Clock Pessimism Removal (CPR):    0.174ns
  Clock Uncertainty:      0.125ns  ((TSJ^2 + TIJ^2)^1/2 + DJ) / 2 + PE
    Total System Jitter     (TSJ):    0.071ns
    Total Input Jitter      (TIJ):    0.240ns
    Discrete Jitter          (DJ):    0.000ns
    Phase Error              (PE):    0.000ns

    Location             Delay type                Incr(ns)  Path(ns)    Netlist Resource(s)
  -------------------------------------------------------------------    -------------------
                         (clock clk_fpga_1 rise edge)
                                                      0.000     0.000 r  
    PS7_X0Y0             PS7                          0.000     0.000 r  design_1_i/processing_system7_0/inst/PS7_i/FCLKCLK[1]
                         net (fo=1, routed)           1.339     1.339    design_1_i/processing_system7_0/inst/FCLK_CLK_unbuffered[1]
    BUFGCTRL_X0Y28       BUFG (Prop_bufg_I_O)         0.093     1.432 r  design_1_i/processing_system7_0/inst/buffer_fclk_clk_1.FCLK_CLK_1_BUFG/O
                         net (fo=1, routed)           0.132     1.564    design_1_i/gmii_to_rgmii_0/U0/gmii_clk_125m_in
    BUFGCTRL_X0Y27       BUFGCTRL (Prop_bufgctrl_I1_O)
                                                      0.093     1.657 r  design_1_i/gmii_to_rgmii_0/U0/i_bufgmux_gmii_clk/O
                         net (fo=47, routed)          1.798     3.455    design_1_i/processing_system7_0/inst/ENET1_GMII_TX_CLK
    PS7_X0Y0             PS7                                          r  design_1_i/processing_system7_0/inst/PS7_i/EMIOENET1GMIITXCLK
  -------------------------------------------------------------------    -------------------
    PS7_X0Y0             PS7 (Prop_ps7_EMIOENET1GMIITXCLK_EMIOENET1GMIITXD[4])
                                                      1.682     5.137 r  design_1_i/processing_system7_0/inst/PS7_i/EMIOENET1GMIITXD[4]
                         net (fo=1, routed)           2.688     7.825    design_1_i/processing_system7_0/inst/ENET1_GMII_TXD_i[4]
    SLICE_X11Y201        FDRE                                         r  design_1_i/processing_system7_0/inst/ENET1_GMII_TXD_reg[4]/D
  -------------------------------------------------------------------    -------------------

                         (clock clk_fpga_1 rise edge)
                                                      8.000     8.000 r  
    PS7_X0Y0             PS7                          0.000     8.000 r  design_1_i/processing_system7_0/inst/PS7_i/FCLKCLK[1]
                         net (fo=1, routed)           1.241     9.241    design_1_i/processing_system7_0/inst/FCLK_CLK_unbuffered[1]
    BUFGCTRL_X0Y28       BUFG (Prop_bufg_I_O)         0.083     9.324 r  design_1_i/processing_system7_0/inst/buffer_fclk_clk_1.FCLK_CLK_1_BUFG/O
                         net (fo=1, routed)           0.119     9.443    design_1_i/gmii_to_rgmii_0/U0/gmii_clk_125m_in
    BUFGCTRL_X0Y27       BUFGCTRL (Prop_bufgctrl_I1_O)
                                                      0.083     9.526 r  design_1_i/gmii_to_rgmii_0/U0/i_bufgmux_gmii_clk/O
                         net (fo=47, routed)          1.299    10.825    design_1_i/processing_system7_0/inst/ENET1_GMII_TX_CLK
    SLICE_X11Y201        FDRE                                         r  design_1_i/processing_system7_0/inst/ENET1_GMII_TXD_reg[4]/C
                         clock pessimism              0.174    10.999    
                         clock uncertainty           -0.125    10.874    
    SLICE_X11Y201        FDRE (Setup_fdre_C_D)       -0.031    10.843    design_1_i/processing_system7_0/inst/ENET1_GMII_TXD_reg[4]
  -------------------------------------------------------------------
                         required time                         10.843    
                         arrival time                          -7.825    
  -------------------------------------------------------------------
                         slack                                  3.018    

Slack (MET) :             3.084ns  (required time - arrival time)
  Source:                 design_1_i/processing_system7_0/inst/PS7_i/EMIOENET1GMIITXCLK
                            (rising edge-triggered cell PS7 clocked by clk_fpga_1  {rise@0.000ns fall@4.000ns period=8.000ns})
  Destination:            design_1_i/processing_system7_0/inst/ENET1_GMII_TXD_reg[0]/D
                            (rising edge-triggered cell FDRE clocked by clk_fpga_1  {rise@0.000ns fall@4.000ns period=8.000ns})
  Path Group:             clk_fpga_1
  Path Type:              Setup (Max at Slow Process Corner)
  Requirement:            8.000ns  (clk_fpga_1 rise@8.000ns - clk_fpga_1 rise@0.000ns)
  Data Path Delay:        4.173ns  (logic 1.682ns (40.310%)  route 2.491ns (59.690%))
  Logic Levels:           0  
  Clock Path Skew:        -0.616ns (DCD - SCD + CPR)
    Destination Clock Delay (DCD):    2.695ns = ( 10.695 - 8.000 ) 
    Source Clock Delay      (SCD):    3.455ns
    Clock Pessimism Removal (CPR):    0.144ns
  Clock Uncertainty:      0.125ns  ((TSJ^2 + TIJ^2)^1/2 + DJ) / 2 + PE
    Total System Jitter     (TSJ):    0.071ns
    Total Input Jitter      (TIJ):    0.240ns
    Discrete Jitter          (DJ):    0.000ns
    Phase Error              (PE):    0.000ns

    Location             Delay type                Incr(ns)  Path(ns)    Netlist Resource(s)
  -------------------------------------------------------------------    -------------------
                         (clock clk_fpga_1 rise edge)
                                                      0.000     0.000 r  
    PS7_X0Y0             PS7                          0.000     0.000 r  design_1_i/processing_system7_0/inst/PS7_i/FCLKCLK[1]
                         net (fo=1, routed)           1.339     1.339    design_1_i/processing_system7_0/inst/FCLK_CLK_unbuffered[1]
    BUFGCTRL_X0Y28       BUFG (Prop_bufg_I_O)         0.093     1.432 r  design_1_i/processing_system7_0/inst/buffer_fclk_clk_1.FCLK_CLK_1_BUFG/O
                         net (fo=1, routed)           0.132     1.564    design_1_i/gmii_to_rgmii_0/U0/gmii_clk_125m_in
    BUFGCTRL_X0Y27       BUFGCTRL (Prop_bufgctrl_I1_O)
                                                      0.093     1.657 r  design_1_i/gmii_to_rgmii_0/U0/i_bufgmux_gmii_clk/O
                         net (fo=47, routed)          1.798     3.455    design_1_i/processing_system7_0/inst/ENET1_GMII_TX_CLK
    PS7_X0Y0             PS7                                          r  design_1_i/processing_system7_0/inst/PS7_i/EMIOENET1GMIITXCLK
  -------------------------------------------------------------------    -------------------
    PS7_X0Y0             PS7 (Prop_ps7_EMIOENET1GMIITXCLK_EMIOENET1GMIITXD[0])
                                                      1.682     5.137 r  design_1_i/processing_system7_0/inst/PS7_i/EMIOENET1GMIITXD[0]
                         net (fo=1, routed)           2.491     7.628    design_1_i/processing_system7_0/inst/ENET1_GMII_TXD_i[0]
    SLICE_X10Y199        FDRE                                         r  design_1_i/processing_system7_0/inst/ENET1_GMII_TXD_reg[0]/D
  -------------------------------------------------------------------    -------------------

                         (clock clk_fpga_1 rise edge)
                                                      8.000     8.000 r  
    PS7_X0Y0             PS7                          0.000     8.000 r  design_1_i/processing_system7_0/inst/PS7_i/FCLKCLK[1]
                         net (fo=1, routed)           1.241     9.241    design_1_i/processing_system7_0/inst/FCLK_CLK_unbuffered[1]
    BUFGCTRL_X0Y28       BUFG (Prop_bufg_I_O)         0.083     9.324 r  design_1_i/processing_system7_0/inst/buffer_fclk_clk_1.FCLK_CLK_1_BUFG/O
                         net (fo=1, routed)           0.119     9.443    design_1_i/gmii_to_rgmii_0/U0/gmii_clk_125m_in
    BUFGCTRL_X0Y27       BUFGCTRL (Prop_bufgctrl_I1_O)
                                                      0.083     9.526 r  design_1_i/gmii_to_rgmii_0/U0/i_bufgmux_gmii_clk/O
                         net (fo=47, routed)          1.169    10.695    design_1_i/processing_system7_0/inst/ENET1_GMII_TX_CLK
    SLICE_X10Y199        FDRE                                         r  design_1_i/processing_system7_0/inst/ENET1_GMII_TXD_reg[0]/C
                         clock pessimism              0.144    10.839    
                         clock uncertainty           -0.125    10.714    
    SLICE_X10Y199        FDRE (Setup_fdre_C_D)       -0.002    10.712    design_1_i/processing_system7_0/inst/ENET1_GMII_TXD_reg[0]
  -------------------------------------------------------------------
                         required time                         10.712    
                         arrival time                          -7.628    
  -------------------------------------------------------------------
                         slack                                  3.084    

Slack (MET) :             3.094ns  (required time - arrival time)
  Source:                 design_1_i/processing_system7_0/inst/ENET1_GMII_TXD_reg[7]/C
                            (rising edge-triggered cell FDRE clocked by clk_fpga_1  {rise@0.000ns fall@4.000ns period=8.000ns})
  Destination:            design_1_i/gmii_to_rgmii_0/U0/design_1_gmii_to_rgmii_0_0_core/i_gmii_to_rgmii/i_gmii_to_rgmii/gmii_txd_int_reg[7]/D
                            (rising edge-triggered cell FDRE clocked by clk_fpga_1  {rise@0.000ns fall@4.000ns period=8.000ns})
  Path Group:             clk_fpga_1
  Path Type:              Setup (Max at Slow Process Corner)
  Requirement:            8.000ns  (clk_fpga_1 rise@8.000ns - clk_fpga_1 rise@0.000ns)
  Data Path Delay:        4.726ns  (logic 0.259ns (5.480%)  route 4.467ns (94.520%))
  Logic Levels:           0  
  Clock Path Skew:        -0.066ns (DCD - SCD + CPR)
    Destination Clock Delay (DCD):    2.931ns = ( 10.931 - 8.000 ) 
    Source Clock Delay      (SCD):    3.128ns
    Clock Pessimism Removal (CPR):    0.131ns
  Clock Uncertainty:      0.125ns  ((TSJ^2 + TIJ^2)^1/2 + DJ) / 2 + PE
    Total System Jitter     (TSJ):    0.071ns
    Total Input Jitter      (TIJ):    0.240ns
    Discrete Jitter          (DJ):    0.000ns
    Phase Error              (PE):    0.000ns

    Location             Delay type                Incr(ns)  Path(ns)    Netlist Resource(s)
  -------------------------------------------------------------------    -------------------
                         (clock clk_fpga_1 rise edge)
                                                      0.000     0.000 r  
    PS7_X0Y0             PS7                          0.000     0.000 r  design_1_i/processing_system7_0/inst/PS7_i/FCLKCLK[1]
                         net (fo=1, routed)           1.339     1.339    design_1_i/processing_system7_0/inst/FCLK_CLK_unbuffered[1]
    BUFGCTRL_X0Y28       BUFG (Prop_bufg_I_O)         0.093     1.432 r  design_1_i/processing_system7_0/inst/buffer_fclk_clk_1.FCLK_CLK_1_BUFG/O
                         net (fo=1, routed)           0.132     1.564    design_1_i/gmii_to_rgmii_0/U0/gmii_clk_125m_in
    BUFGCTRL_X0Y27       BUFGCTRL (Prop_bufgctrl_I1_O)
                                                      0.093     1.657 r  design_1_i/gmii_to_rgmii_0/U0/i_bufgmux_gmii_clk/O
                         net (fo=47, routed)          1.471     3.128    design_1_i/processing_system7_0/inst/ENET1_GMII_TX_CLK
    SLICE_X10Y201        FDRE                                         r  design_1_i/processing_system7_0/inst/ENET1_GMII_TXD_reg[7]/C
  -------------------------------------------------------------------    -------------------
    SLICE_X10Y201        FDRE (Prop_fdre_C_Q)         0.259     3.387 r  design_1_i/processing_system7_0/inst/ENET1_GMII_TXD_reg[7]/Q
                         net (fo=1, routed)           4.467     7.854    design_1_i/gmii_to_rgmii_0/U0/design_1_gmii_to_rgmii_0_0_core/i_gmii_to_rgmii/i_gmii_to_rgmii/gmii_txd[7]
    SLICE_X0Y68          FDRE                                         r  design_1_i/gmii_to_rgmii_0/U0/design_1_gmii_to_rgmii_0_0_core/i_gmii_to_rgmii/i_gmii_to_rgmii/gmii_txd_int_reg[7]/D
  -------------------------------------------------------------------    -------------------

                         (clock clk_fpga_1 rise edge)
                                                      8.000     8.000 r  
    PS7_X0Y0             PS7                          0.000     8.000 r  design_1_i/processing_system7_0/inst/PS7_i/FCLKCLK[1]
                         net (fo=1, routed)           1.241     9.241    design_1_i/processing_system7_0/inst/FCLK_CLK_unbuffered[1]
    BUFGCTRL_X0Y28       BUFG (Prop_bufg_I_O)         0.083     9.324 r  design_1_i/processing_system7_0/inst/buffer_fclk_clk_1.FCLK_CLK_1_BUFG/O
                         net (fo=1, routed)           0.119     9.443    design_1_i/gmii_to_rgmii_0/U0/gmii_clk_125m_in
    BUFGCTRL_X0Y27       BUFGCTRL (Prop_bufgctrl_I1_O)
                                                      0.083     9.526 r  design_1_i/gmii_to_rgmii_0/U0/i_bufgmux_gmii_clk/O
                         net (fo=47, routed)          1.405    10.931    design_1_i/gmii_to_rgmii_0/U0/design_1_gmii_to_rgmii_0_0_core/i_gmii_to_rgmii/i_gmii_to_rgmii/gmii_tx_clk
    SLICE_X0Y68          FDRE                                         r  design_1_i/gmii_to_rgmii_0/U0/design_1_gmii_to_rgmii_0_0_core/i_gmii_to_rgmii/i_gmii_to_rgmii/gmii_txd_int_reg[7]/C
                         clock pessimism              0.131    11.062    
                         clock uncertainty           -0.125    10.937    
    SLICE_X0Y68          FDRE (Setup_fdre_C_D)        0.011    10.948    design_1_i/gmii_to_rgmii_0/U0/design_1_gmii_to_rgmii_0_0_core/i_gmii_to_rgmii/i_gmii_to_rgmii/gmii_txd_int_reg[7]
  -------------------------------------------------------------------
                         required time                         10.948    
                         arrival time                          -7.854    
  -------------------------------------------------------------------
                         slack                                  3.094    





Min Delay Paths
--------------------------------------------------------------------------------------
Slack (MET) :             0.164ns  (arrival time - required time)
  Source:                 design_1_i/gmii_to_rgmii_0/U0/design_1_gmii_to_rgmii_0_0_core/i_gmii_to_rgmii/i_gmii_to_rgmii/i_reset_sync_tx_reset/reset_sync5/C
                            (rising edge-triggered cell FDPE clocked by clk_fpga_1  {rise@0.000ns fall@4.000ns period=8.000ns})
  Destination:            design_1_i/gmii_to_rgmii_0/U0/design_1_gmii_to_rgmii_0_0_core/i_gmii_to_rgmii/i_gmii_to_rgmii/i_reset_sync_tx_reset/reset_sync6/D
                            (rising edge-triggered cell FDPE clocked by clk_fpga_1  {rise@0.000ns fall@4.000ns period=8.000ns})
  Path Group:             clk_fpga_1
  Path Type:              Hold (Min at Fast Process Corner)
  Requirement:            0.000ns  (clk_fpga_1 rise@0.000ns - clk_fpga_1 rise@0.000ns)
  Data Path Delay:        0.186ns  (logic 0.091ns (48.949%)  route 0.095ns (51.051%))
  Logic Levels:           0  
  Clock Path Skew:        0.011ns (DCD - SCD - CPR)
    Destination Clock Delay (DCD):    1.773ns
    Source Clock Delay      (SCD):    1.497ns
    Clock Pessimism Removal (CPR):    0.265ns

    Location             Delay type                Incr(ns)  Path(ns)    Netlist Resource(s)
  -------------------------------------------------------------------    -------------------
                         (clock clk_fpga_1 rise edge)
                                                      0.000     0.000 r  
    PS7_X0Y0             PS7                          0.000     0.000 r  design_1_i/processing_system7_0/inst/PS7_i/FCLKCLK[1]
                         net (fo=1, routed)           0.725     0.725    design_1_i/processing_system7_0/inst/FCLK_CLK_unbuffered[1]
    BUFGCTRL_X0Y28       BUFG (Prop_bufg_I_O)         0.026     0.751 r  design_1_i/processing_system7_0/inst/buffer_fclk_clk_1.FCLK_CLK_1_BUFG/O
                         net (fo=1, routed)           0.035     0.786    design_1_i/gmii_to_rgmii_0/U0/gmii_clk_125m_in
    BUFGCTRL_X0Y27       BUFGCTRL (Prop_bufgctrl_I1_O)
                                                      0.026     0.812 r  design_1_i/gmii_to_rgmii_0/U0/i_bufgmux_gmii_clk/O
                         net (fo=47, routed)          0.685     1.497    design_1_i/gmii_to_rgmii_0/U0/design_1_gmii_to_rgmii_0_0_core/i_gmii_to_rgmii/i_gmii_to_rgmii/i_reset_sync_tx_reset/gmii_tx_clk
    SLICE_X1Y65          FDPE                                         r  design_1_i/gmii_to_rgmii_0/U0/design_1_gmii_to_rgmii_0_0_core/i_gmii_to_rgmii/i_gmii_to_rgmii/i_reset_sync_tx_reset/reset_sync5/C
  -------------------------------------------------------------------    -------------------
    SLICE_X1Y65          FDPE (Prop_fdpe_C_Q)         0.091     1.588 r  design_1_i/gmii_to_rgmii_0/U0/design_1_gmii_to_rgmii_0_0_core/i_gmii_to_rgmii/i_gmii_to_rgmii/i_reset_sync_tx_reset/reset_sync5/Q
                         net (fo=1, routed)           0.095     1.683    design_1_i/gmii_to_rgmii_0/U0/design_1_gmii_to_rgmii_0_0_core/i_gmii_to_rgmii/i_gmii_to_rgmii/i_reset_sync_tx_reset/reset_sync_reg5_4
    SLICE_X1Y66          FDPE                                         r  design_1_i/gmii_to_rgmii_0/U0/design_1_gmii_to_rgmii_0_0_core/i_gmii_to_rgmii/i_gmii_to_rgmii/i_reset_sync_tx_reset/reset_sync6/D
  -------------------------------------------------------------------    -------------------

                         (clock clk_fpga_1 rise edge)
                                                      0.000     0.000 r  
    PS7_X0Y0             PS7                          0.000     0.000 r  design_1_i/processing_system7_0/inst/PS7_i/FCLKCLK[1]
                         net (fo=1, routed)           0.769     0.769    design_1_i/processing_system7_0/inst/FCLK_CLK_unbuffered[1]
    BUFGCTRL_X0Y28       BUFG (Prop_bufg_I_O)         0.030     0.799 r  design_1_i/processing_system7_0/inst/buffer_fclk_clk_1.FCLK_CLK_1_BUFG/O
                         net (fo=1, routed)           0.039     0.838    design_1_i/gmii_to_rgmii_0/U0/gmii_clk_125m_in
    BUFGCTRL_X0Y27       BUFGCTRL (Prop_bufgctrl_I1_O)
                                                      0.030     0.868 r  design_1_i/gmii_to_rgmii_0/U0/i_bufgmux_gmii_clk/O
                         net (fo=47, routed)          0.905     1.773    design_1_i/gmii_to_rgmii_0/U0/design_1_gmii_to_rgmii_0_0_core/i_gmii_to_rgmii/i_gmii_to_rgmii/i_reset_sync_tx_reset/gmii_tx_clk
    SLICE_X1Y66          FDPE                                         r  design_1_i/gmii_to_rgmii_0/U0/design_1_gmii_to_rgmii_0_0_core/i_gmii_to_rgmii/i_gmii_to_rgmii/i_reset_sync_tx_reset/reset_sync6/C
                         clock pessimism             -0.265     1.508    
    SLICE_X1Y66          FDPE (Hold_fdpe_C_D)         0.011     1.519    design_1_i/gmii_to_rgmii_0/U0/design_1_gmii_to_rgmii_0_0_core/i_gmii_to_rgmii/i_gmii_to_rgmii/i_reset_sync_tx_reset/reset_sync6
  -------------------------------------------------------------------
                         required time                         -1.519    
                         arrival time                           1.683    
  -------------------------------------------------------------------
                         slack                                  0.164    

Slack (MET) :             0.208ns  (arrival time - required time)
  Source:                 design_1_i/gmii_to_rgmii_0/U0/design_1_gmii_to_rgmii_0_0_core/i_gmii_to_rgmii/i_gmii_to_rgmii/i_reset_sync_tx_reset/reset_sync6/C
                            (rising edge-triggered cell FDPE clocked by clk_fpga_1  {rise@0.000ns fall@4.000ns period=8.000ns})
  Destination:            design_1_i/gmii_to_rgmii_0/U0/design_1_gmii_to_rgmii_0_0_core/i_gmii_to_rgmii/i_gmii_to_rgmii/gmii_txd_int_reg[2]/R
                            (rising edge-triggered cell FDRE clocked by clk_fpga_1  {rise@0.000ns fall@4.000ns period=8.000ns})
  Path Group:             clk_fpga_1
  Path Type:              Hold (Min at Fast Process Corner)
  Requirement:            0.000ns  (clk_fpga_1 rise@0.000ns - clk_fpga_1 rise@0.000ns)
  Data Path Delay:        0.187ns  (logic 0.091ns (48.565%)  route 0.096ns (51.435%))
  Logic Levels:           0  
  Clock Path Skew:        0.011ns (DCD - SCD - CPR)
    Destination Clock Delay (DCD):    1.772ns
    Source Clock Delay      (SCD):    1.496ns
    Clock Pessimism Removal (CPR):    0.265ns

    Location             Delay type                Incr(ns)  Path(ns)    Netlist Resource(s)
  -------------------------------------------------------------------    -------------------
                         (clock clk_fpga_1 rise edge)
                                                      0.000     0.000 r  
    PS7_X0Y0             PS7                          0.000     0.000 r  design_1_i/processing_system7_0/inst/PS7_i/FCLKCLK[1]
                         net (fo=1, routed)           0.725     0.725    design_1_i/processing_system7_0/inst/FCLK_CLK_unbuffered[1]
    BUFGCTRL_X0Y28       BUFG (Prop_bufg_I_O)         0.026     0.751 r  design_1_i/processing_system7_0/inst/buffer_fclk_clk_1.FCLK_CLK_1_BUFG/O
                         net (fo=1, routed)           0.035     0.786    design_1_i/gmii_to_rgmii_0/U0/gmii_clk_125m_in
    BUFGCTRL_X0Y27       BUFGCTRL (Prop_bufgctrl_I1_O)
                                                      0.026     0.812 r  design_1_i/gmii_to_rgmii_0/U0/i_bufgmux_gmii_clk/O
                         net (fo=47, routed)          0.684     1.496    design_1_i/gmii_to_rgmii_0/U0/design_1_gmii_to_rgmii_0_0_core/i_gmii_to_rgmii/i_gmii_to_rgmii/i_reset_sync_tx_reset/gmii_tx_clk
    SLICE_X1Y66          FDPE                                         r  design_1_i/gmii_to_rgmii_0/U0/design_1_gmii_to_rgmii_0_0_core/i_gmii_to_rgmii/i_gmii_to_rgmii/i_reset_sync_tx_reset/reset_sync6/C
  -------------------------------------------------------------------    -------------------
    SLICE_X1Y66          FDPE (Prop_fdpe_C_Q)         0.091     1.587 r  design_1_i/gmii_to_rgmii_0/U0/design_1_gmii_to_rgmii_0_0_core/i_gmii_to_rgmii/i_gmii_to_rgmii/i_reset_sync_tx_reset/reset_sync6/Q
                         net (fo=16, routed)          0.096     1.683    design_1_i/gmii_to_rgmii_0/U0/design_1_gmii_to_rgmii_0_0_core/i_gmii_to_rgmii/i_gmii_to_rgmii/tx_reset_sync_5
    SLICE_X0Y67          FDRE                                         r  design_1_i/gmii_to_rgmii_0/U0/design_1_gmii_to_rgmii_0_0_core/i_gmii_to_rgmii/i_gmii_to_rgmii/gmii_txd_int_reg[2]/R
  -------------------------------------------------------------------    -------------------

                         (clock clk_fpga_1 rise edge)
                                                      0.000     0.000 r  
    PS7_X0Y0             PS7                          0.000     0.000 r  design_1_i/processing_system7_0/inst/PS7_i/FCLKCLK[1]
                         net (fo=1, routed)           0.769     0.769    design_1_i/processing_system7_0/inst/FCLK_CLK_unbuffered[1]
    BUFGCTRL_X0Y28       BUFG (Prop_bufg_I_O)         0.030     0.799 r  design_1_i/processing_system7_0/inst/buffer_fclk_clk_1.FCLK_CLK_1_BUFG/O
                         net (fo=1, routed)           0.039     0.838    design_1_i/gmii_to_rgmii_0/U0/gmii_clk_125m_in
    BUFGCTRL_X0Y27       BUFGCTRL (Prop_bufgctrl_I1_O)
                                                      0.030     0.868 r  design_1_i/gmii_to_rgmii_0/U0/i_bufgmux_gmii_clk/O
                         net (fo=47, routed)          0.904     1.772    design_1_i/gmii_to_rgmii_0/U0/design_1_gmii_to_rgmii_0_0_core/i_gmii_to_rgmii/i_gmii_to_rgmii/gmii_tx_clk
    SLICE_X0Y67          FDRE                                         r  design_1_i/gmii_to_rgmii_0/U0/design_1_gmii_to_rgmii_0_0_core/i_gmii_to_rgmii/i_gmii_to_rgmii/gmii_txd_int_reg[2]/C
                         clock pessimism             -0.265     1.507    
    SLICE_X0Y67          FDRE (Hold_fdre_C_R)        -0.032     1.475    design_1_i/gmii_to_rgmii_0/U0/design_1_gmii_to_rgmii_0_0_core/i_gmii_to_rgmii/i_gmii_to_rgmii/gmii_txd_int_reg[2]
  -------------------------------------------------------------------
                         required time                         -1.475    
                         arrival time                           1.683    
  -------------------------------------------------------------------
                         slack                                  0.208    

Slack (MET) :             0.208ns  (arrival time - required time)
  Source:                 design_1_i/gmii_to_rgmii_0/U0/design_1_gmii_to_rgmii_0_0_core/i_gmii_to_rgmii/i_gmii_to_rgmii/i_reset_sync_tx_reset/reset_sync6/C
                            (rising edge-triggered cell FDPE clocked by clk_fpga_1  {rise@0.000ns fall@4.000ns period=8.000ns})
  Destination:            design_1_i/gmii_to_rgmii_0/U0/design_1_gmii_to_rgmii_0_0_core/i_gmii_to_rgmii/i_gmii_to_rgmii/gmii_txd_int_reg[3]/R
                            (rising edge-triggered cell FDRE clocked by clk_fpga_1  {rise@0.000ns fall@4.000ns period=8.000ns})
  Path Group:             clk_fpga_1
  Path Type:              Hold (Min at Fast Process Corner)
  Requirement:            0.000ns  (clk_fpga_1 rise@0.000ns - clk_fpga_1 rise@0.000ns)
  Data Path Delay:        0.187ns  (logic 0.091ns (48.565%)  route 0.096ns (51.435%))
  Logic Levels:           0  
  Clock Path Skew:        0.011ns (DCD - SCD - CPR)
    Destination Clock Delay (DCD):    1.772ns
    Source Clock Delay      (SCD):    1.496ns
    Clock Pessimism Removal (CPR):    0.265ns

    Location             Delay type                Incr(ns)  Path(ns)    Netlist Resource(s)
  -------------------------------------------------------------------    -------------------
                         (clock clk_fpga_1 rise edge)
                                                      0.000     0.000 r  
    PS7_X0Y0             PS7                          0.000     0.000 r  design_1_i/processing_system7_0/inst/PS7_i/FCLKCLK[1]
                         net (fo=1, routed)           0.725     0.725    design_1_i/processing_system7_0/inst/FCLK_CLK_unbuffered[1]
    BUFGCTRL_X0Y28       BUFG (Prop_bufg_I_O)         0.026     0.751 r  design_1_i/processing_system7_0/inst/buffer_fclk_clk_1.FCLK_CLK_1_BUFG/O
                         net (fo=1, routed)           0.035     0.786    design_1_i/gmii_to_rgmii_0/U0/gmii_clk_125m_in
    BUFGCTRL_X0Y27       BUFGCTRL (Prop_bufgctrl_I1_O)
                                                      0.026     0.812 r  design_1_i/gmii_to_rgmii_0/U0/i_bufgmux_gmii_clk/O
                         net (fo=47, routed)          0.684     1.496    design_1_i/gmii_to_rgmii_0/U0/design_1_gmii_to_rgmii_0_0_core/i_gmii_to_rgmii/i_gmii_to_rgmii/i_reset_sync_tx_reset/gmii_tx_clk
    SLICE_X1Y66          FDPE                                         r  design_1_i/gmii_to_rgmii_0/U0/design_1_gmii_to_rgmii_0_0_core/i_gmii_to_rgmii/i_gmii_to_rgmii/i_reset_sync_tx_reset/reset_sync6/C
  -------------------------------------------------------------------    -------------------
    SLICE_X1Y66          FDPE (Prop_fdpe_C_Q)         0.091     1.587 r  design_1_i/gmii_to_rgmii_0/U0/design_1_gmii_to_rgmii_0_0_core/i_gmii_to_rgmii/i_gmii_to_rgmii/i_reset_sync_tx_reset/reset_sync6/Q
                         net (fo=16, routed)          0.096     1.683    design_1_i/gmii_to_rgmii_0/U0/design_1_gmii_to_rgmii_0_0_core/i_gmii_to_rgmii/i_gmii_to_rgmii/tx_reset_sync_5
    SLICE_X0Y67          FDRE                                         r  design_1_i/gmii_to_rgmii_0/U0/design_1_gmii_to_rgmii_0_0_core/i_gmii_to_rgmii/i_gmii_to_rgmii/gmii_txd_int_reg[3]/R
  -------------------------------------------------------------------    -------------------

                         (clock clk_fpga_1 rise edge)
                                                      0.000     0.000 r  
    PS7_X0Y0             PS7                          0.000     0.000 r  design_1_i/processing_system7_0/inst/PS7_i/FCLKCLK[1]
                         net (fo=1, routed)           0.769     0.769    design_1_i/processing_system7_0/inst/FCLK_CLK_unbuffered[1]
    BUFGCTRL_X0Y28       BUFG (Prop_bufg_I_O)         0.030     0.799 r  design_1_i/processing_system7_0/inst/buffer_fclk_clk_1.FCLK_CLK_1_BUFG/O
                         net (fo=1, routed)           0.039     0.838    design_1_i/gmii_to_rgmii_0/U0/gmii_clk_125m_in
    BUFGCTRL_X0Y27       BUFGCTRL (Prop_bufgctrl_I1_O)
                                                      0.030     0.868 r  design_1_i/gmii_to_rgmii_0/U0/i_bufgmux_gmii_clk/O
                         net (fo=47, routed)          0.904     1.772    design_1_i/gmii_to_rgmii_0/U0/design_1_gmii_to_rgmii_0_0_core/i_gmii_to_rgmii/i_gmii_to_rgmii/gmii_tx_clk
    SLICE_X0Y67          FDRE                                         r  design_1_i/gmii_to_rgmii_0/U0/design_1_gmii_to_rgmii_0_0_core/i_gmii_to_rgmii/i_gmii_to_rgmii/gmii_txd_int_reg[3]/C
                         clock pessimism             -0.265     1.507    
    SLICE_X0Y67          FDRE (Hold_fdre_C_R)        -0.032     1.475    design_1_i/gmii_to_rgmii_0/U0/design_1_gmii_to_rgmii_0_0_core/i_gmii_to_rgmii/i_gmii_to_rgmii/gmii_txd_int_reg[3]
  -------------------------------------------------------------------
                         required time                         -1.475    
                         arrival time                           1.683    
  -------------------------------------------------------------------
                         slack                                  0.208    

Slack (MET) :             0.208ns  (arrival time - required time)
  Source:                 design_1_i/gmii_to_rgmii_0/U0/design_1_gmii_to_rgmii_0_0_core/i_gmii_to_rgmii/i_gmii_to_rgmii/i_reset_sync_tx_reset/reset_sync6/C
                            (rising edge-triggered cell FDPE clocked by clk_fpga_1  {rise@0.000ns fall@4.000ns period=8.000ns})
  Destination:            design_1_i/gmii_to_rgmii_0/U0/design_1_gmii_to_rgmii_0_0_core/i_gmii_to_rgmii/i_gmii_to_rgmii/gmii_txd_int_reg[4]/R
                            (rising edge-triggered cell FDRE clocked by clk_fpga_1  {rise@0.000ns fall@4.000ns period=8.000ns})
  Path Group:             clk_fpga_1
  Path Type:              Hold (Min at Fast Process Corner)
  Requirement:            0.000ns  (clk_fpga_1 rise@0.000ns - clk_fpga_1 rise@0.000ns)
  Data Path Delay:        0.187ns  (logic 0.091ns (48.565%)  route 0.096ns (51.435%))
  Logic Levels:           0  
  Clock Path Skew:        0.011ns (DCD - SCD - CPR)
    Destination Clock Delay (DCD):    1.772ns
    Source Clock Delay      (SCD):    1.496ns
    Clock Pessimism Removal (CPR):    0.265ns

    Location             Delay type                Incr(ns)  Path(ns)    Netlist Resource(s)
  -------------------------------------------------------------------    -------------------
                         (clock clk_fpga_1 rise edge)
                                                      0.000     0.000 r  
    PS7_X0Y0             PS7                          0.000     0.000 r  design_1_i/processing_system7_0/inst/PS7_i/FCLKCLK[1]
                         net (fo=1, routed)           0.725     0.725    design_1_i/processing_system7_0/inst/FCLK_CLK_unbuffered[1]
    BUFGCTRL_X0Y28       BUFG (Prop_bufg_I_O)         0.026     0.751 r  design_1_i/processing_system7_0/inst/buffer_fclk_clk_1.FCLK_CLK_1_BUFG/O
                         net (fo=1, routed)           0.035     0.786    design_1_i/gmii_to_rgmii_0/U0/gmii_clk_125m_in
    BUFGCTRL_X0Y27       BUFGCTRL (Prop_bufgctrl_I1_O)
                                                      0.026     0.812 r  design_1_i/gmii_to_rgmii_0/U0/i_bufgmux_gmii_clk/O
                         net (fo=47, routed)          0.684     1.496    design_1_i/gmii_to_rgmii_0/U0/design_1_gmii_to_rgmii_0_0_core/i_gmii_to_rgmii/i_gmii_to_rgmii/i_reset_sync_tx_reset/gmii_tx_clk
    SLICE_X1Y66          FDPE                                         r  design_1_i/gmii_to_rgmii_0/U0/design_1_gmii_to_rgmii_0_0_core/i_gmii_to_rgmii/i_gmii_to_rgmii/i_reset_sync_tx_reset/reset_sync6/C
  -------------------------------------------------------------------    -------------------
    SLICE_X1Y66          FDPE (Prop_fdpe_C_Q)         0.091     1.587 r  design_1_i/gmii_to_rgmii_0/U0/design_1_gmii_to_rgmii_0_0_core/i_gmii_to_rgmii/i_gmii_to_rgmii/i_reset_sync_tx_reset/reset_sync6/Q
                         net (fo=16, routed)          0.096     1.683    design_1_i/gmii_to_rgmii_0/U0/design_1_gmii_to_rgmii_0_0_core/i_gmii_to_rgmii/i_gmii_to_rgmii/tx_reset_sync_5
    SLICE_X0Y67          FDRE                                         r  design_1_i/gmii_to_rgmii_0/U0/design_1_gmii_to_rgmii_0_0_core/i_gmii_to_rgmii/i_gmii_to_rgmii/gmii_txd_int_reg[4]/R
  -------------------------------------------------------------------    -------------------

                         (clock clk_fpga_1 rise edge)
                                                      0.000     0.000 r  
    PS7_X0Y0             PS7                          0.000     0.000 r  design_1_i/processing_system7_0/inst/PS7_i/FCLKCLK[1]
                         net (fo=1, routed)           0.769     0.769    design_1_i/processing_system7_0/inst/FCLK_CLK_unbuffered[1]
    BUFGCTRL_X0Y28       BUFG (Prop_bufg_I_O)         0.030     0.799 r  design_1_i/processing_system7_0/inst/buffer_fclk_clk_1.FCLK_CLK_1_BUFG/O
                         net (fo=1, routed)           0.039     0.838    design_1_i/gmii_to_rgmii_0/U0/gmii_clk_125m_in
    BUFGCTRL_X0Y27       BUFGCTRL (Prop_bufgctrl_I1_O)
                                                      0.030     0.868 r  design_1_i/gmii_to_rgmii_0/U0/i_bufgmux_gmii_clk/O
                         net (fo=47, routed)          0.904     1.772    design_1_i/gmii_to_rgmii_0/U0/design_1_gmii_to_rgmii_0_0_core/i_gmii_to_rgmii/i_gmii_to_rgmii/gmii_tx_clk
    SLICE_X0Y67          FDRE                                         r  design_1_i/gmii_to_rgmii_0/U0/design_1_gmii_to_rgmii_0_0_core/i_gmii_to_rgmii/i_gmii_to_rgmii/gmii_txd_int_reg[4]/C
                         clock pessimism             -0.265     1.507    
    SLICE_X0Y67          FDRE (Hold_fdre_C_R)        -0.032     1.475    design_1_i/gmii_to_rgmii_0/U0/design_1_gmii_to_rgmii_0_0_core/i_gmii_to_rgmii/i_gmii_to_rgmii/gmii_txd_int_reg[4]
  -------------------------------------------------------------------
                         required time                         -1.475    
                         arrival time                           1.683    
  -------------------------------------------------------------------
                         slack                                  0.208    

Slack (MET) :             0.208ns  (arrival time - required time)
  Source:                 design_1_i/gmii_to_rgmii_0/U0/design_1_gmii_to_rgmii_0_0_core/i_gmii_to_rgmii/i_gmii_to_rgmii/i_reset_sync_tx_reset/reset_sync6/C
                            (rising edge-triggered cell FDPE clocked by clk_fpga_1  {rise@0.000ns fall@4.000ns period=8.000ns})
  Destination:            design_1_i/gmii_to_rgmii_0/U0/design_1_gmii_to_rgmii_0_0_core/i_gmii_to_rgmii/i_gmii_to_rgmii/gmii_txd_int_reg[5]/R
                            (rising edge-triggered cell FDRE clocked by clk_fpga_1  {rise@0.000ns fall@4.000ns period=8.000ns})
  Path Group:             clk_fpga_1
  Path Type:              Hold (Min at Fast Process Corner)
  Requirement:            0.000ns  (clk_fpga_1 rise@0.000ns - clk_fpga_1 rise@0.000ns)
  Data Path Delay:        0.187ns  (logic 0.091ns (48.565%)  route 0.096ns (51.435%))
  Logic Levels:           0  
  Clock Path Skew:        0.011ns (DCD - SCD - CPR)
    Destination Clock Delay (DCD):    1.772ns
    Source Clock Delay      (SCD):    1.496ns
    Clock Pessimism Removal (CPR):    0.265ns

    Location             Delay type                Incr(ns)  Path(ns)    Netlist Resource(s)
  -------------------------------------------------------------------    -------------------
                         (clock clk_fpga_1 rise edge)
                                                      0.000     0.000 r  
    PS7_X0Y0             PS7                          0.000     0.000 r  design_1_i/processing_system7_0/inst/PS7_i/FCLKCLK[1]
                         net (fo=1, routed)           0.725     0.725    design_1_i/processing_system7_0/inst/FCLK_CLK_unbuffered[1]
    BUFGCTRL_X0Y28       BUFG (Prop_bufg_I_O)         0.026     0.751 r  design_1_i/processing_system7_0/inst/buffer_fclk_clk_1.FCLK_CLK_1_BUFG/O
                         net (fo=1, routed)           0.035     0.786    design_1_i/gmii_to_rgmii_0/U0/gmii_clk_125m_in
    BUFGCTRL_X0Y27       BUFGCTRL (Prop_bufgctrl_I1_O)
                                                      0.026     0.812 r  design_1_i/gmii_to_rgmii_0/U0/i_bufgmux_gmii_clk/O
                         net (fo=47, routed)          0.684     1.496    design_1_i/gmii_to_rgmii_0/U0/design_1_gmii_to_rgmii_0_0_core/i_gmii_to_rgmii/i_gmii_to_rgmii/i_reset_sync_tx_reset/gmii_tx_clk
    SLICE_X1Y66          FDPE                                         r  design_1_i/gmii_to_rgmii_0/U0/design_1_gmii_to_rgmii_0_0_core/i_gmii_to_rgmii/i_gmii_to_rgmii/i_reset_sync_tx_reset/reset_sync6/C
  -------------------------------------------------------------------    -------------------
    SLICE_X1Y66          FDPE (Prop_fdpe_C_Q)         0.091     1.587 r  design_1_i/gmii_to_rgmii_0/U0/design_1_gmii_to_rgmii_0_0_core/i_gmii_to_rgmii/i_gmii_to_rgmii/i_reset_sync_tx_reset/reset_sync6/Q
                         net (fo=16, routed)          0.096     1.683    design_1_i/gmii_to_rgmii_0/U0/design_1_gmii_to_rgmii_0_0_core/i_gmii_to_rgmii/i_gmii_to_rgmii/tx_reset_sync_5
    SLICE_X0Y67          FDRE                                         r  design_1_i/gmii_to_rgmii_0/U0/design_1_gmii_to_rgmii_0_0_core/i_gmii_to_rgmii/i_gmii_to_rgmii/gmii_txd_int_reg[5]/R
  -------------------------------------------------------------------    -------------------

                         (clock clk_fpga_1 rise edge)
                                                      0.000     0.000 r  
    PS7_X0Y0             PS7                          0.000     0.000 r  design_1_i/processing_system7_0/inst/PS7_i/FCLKCLK[1]
                         net (fo=1, routed)           0.769     0.769    design_1_i/processing_system7_0/inst/FCLK_CLK_unbuffered[1]
    BUFGCTRL_X0Y28       BUFG (Prop_bufg_I_O)         0.030     0.799 r  design_1_i/processing_system7_0/inst/buffer_fclk_clk_1.FCLK_CLK_1_BUFG/O
                         net (fo=1, routed)           0.039     0.838    design_1_i/gmii_to_rgmii_0/U0/gmii_clk_125m_in
    BUFGCTRL_X0Y27       BUFGCTRL (Prop_bufgctrl_I1_O)
                                                      0.030     0.868 r  design_1_i/gmii_to_rgmii_0/U0/i_bufgmux_gmii_clk/O
                         net (fo=47, routed)          0.904     1.772    design_1_i/gmii_to_rgmii_0/U0/design_1_gmii_to_rgmii_0_0_core/i_gmii_to_rgmii/i_gmii_to_rgmii/gmii_tx_clk
    SLICE_X0Y67          FDRE                                         r  design_1_i/gmii_to_rgmii_0/U0/design_1_gmii_to_rgmii_0_0_core/i_gmii_to_rgmii/i_gmii_to_rgmii/gmii_txd_int_reg[5]/C
                         clock pessimism             -0.265     1.507    
    SLICE_X0Y67          FDRE (Hold_fdre_C_R)        -0.032     1.475    design_1_i/gmii_to_rgmii_0/U0/design_1_gmii_to_rgmii_0_0_core/i_gmii_to_rgmii/i_gmii_to_rgmii/gmii_txd_int_reg[5]
  -------------------------------------------------------------------
                         required time                         -1.475    
                         arrival time                           1.683    
  -------------------------------------------------------------------
                         slack                                  0.208    

Slack (MET) :             0.208ns  (arrival time - required time)
  Source:                 design_1_i/gmii_to_rgmii_0/U0/design_1_gmii_to_rgmii_0_0_core/i_gmii_to_rgmii/i_gmii_to_rgmii/i_reset_sync_tx_reset/reset_sync6/C
                            (rising edge-triggered cell FDPE clocked by clk_fpga_1  {rise@0.000ns fall@4.000ns period=8.000ns})
  Destination:            design_1_i/gmii_to_rgmii_0/U0/design_1_gmii_to_rgmii_0_0_core/i_gmii_to_rgmii/i_gmii_to_rgmii/gmii_txd_int_reg[6]/R
                            (rising edge-triggered cell FDRE clocked by clk_fpga_1  {rise@0.000ns fall@4.000ns period=8.000ns})
  Path Group:             clk_fpga_1
  Path Type:              Hold (Min at Fast Process Corner)
  Requirement:            0.000ns  (clk_fpga_1 rise@0.000ns - clk_fpga_1 rise@0.000ns)
  Data Path Delay:        0.187ns  (logic 0.091ns (48.565%)  route 0.096ns (51.435%))
  Logic Levels:           0  
  Clock Path Skew:        0.011ns (DCD - SCD - CPR)
    Destination Clock Delay (DCD):    1.772ns
    Source Clock Delay      (SCD):    1.496ns
    Clock Pessimism Removal (CPR):    0.265ns

    Location             Delay type                Incr(ns)  Path(ns)    Netlist Resource(s)
  -------------------------------------------------------------------    -------------------
                         (clock clk_fpga_1 rise edge)
                                                      0.000     0.000 r  
    PS7_X0Y0             PS7                          0.000     0.000 r  design_1_i/processing_system7_0/inst/PS7_i/FCLKCLK[1]
                         net (fo=1, routed)           0.725     0.725    design_1_i/processing_system7_0/inst/FCLK_CLK_unbuffered[1]
    BUFGCTRL_X0Y28       BUFG (Prop_bufg_I_O)         0.026     0.751 r  design_1_i/processing_system7_0/inst/buffer_fclk_clk_1.FCLK_CLK_1_BUFG/O
                         net (fo=1, routed)           0.035     0.786    design_1_i/gmii_to_rgmii_0/U0/gmii_clk_125m_in
    BUFGCTRL_X0Y27       BUFGCTRL (Prop_bufgctrl_I1_O)
                                                      0.026     0.812 r  design_1_i/gmii_to_rgmii_0/U0/i_bufgmux_gmii_clk/O
                         net (fo=47, routed)          0.684     1.496    design_1_i/gmii_to_rgmii_0/U0/design_1_gmii_to_rgmii_0_0_core/i_gmii_to_rgmii/i_gmii_to_rgmii/i_reset_sync_tx_reset/gmii_tx_clk
    SLICE_X1Y66          FDPE                                         r  design_1_i/gmii_to_rgmii_0/U0/design_1_gmii_to_rgmii_0_0_core/i_gmii_to_rgmii/i_gmii_to_rgmii/i_reset_sync_tx_reset/reset_sync6/C
  -------------------------------------------------------------------    -------------------
    SLICE_X1Y66          FDPE (Prop_fdpe_C_Q)         0.091     1.587 r  design_1_i/gmii_to_rgmii_0/U0/design_1_gmii_to_rgmii_0_0_core/i_gmii_to_rgmii/i_gmii_to_rgmii/i_reset_sync_tx_reset/reset_sync6/Q
                         net (fo=16, routed)          0.096     1.683    design_1_i/gmii_to_rgmii_0/U0/design_1_gmii_to_rgmii_0_0_core/i_gmii_to_rgmii/i_gmii_to_rgmii/tx_reset_sync_5
    SLICE_X0Y67          FDRE                                         r  design_1_i/gmii_to_rgmii_0/U0/design_1_gmii_to_rgmii_0_0_core/i_gmii_to_rgmii/i_gmii_to_rgmii/gmii_txd_int_reg[6]/R
  -------------------------------------------------------------------    -------------------

                         (clock clk_fpga_1 rise edge)
                                                      0.000     0.000 r  
    PS7_X0Y0             PS7                          0.000     0.000 r  design_1_i/processing_system7_0/inst/PS7_i/FCLKCLK[1]
                         net (fo=1, routed)           0.769     0.769    design_1_i/processing_system7_0/inst/FCLK_CLK_unbuffered[1]
    BUFGCTRL_X0Y28       BUFG (Prop_bufg_I_O)         0.030     0.799 r  design_1_i/processing_system7_0/inst/buffer_fclk_clk_1.FCLK_CLK_1_BUFG/O
                         net (fo=1, routed)           0.039     0.838    design_1_i/gmii_to_rgmii_0/U0/gmii_clk_125m_in
    BUFGCTRL_X0Y27       BUFGCTRL (Prop_bufgctrl_I1_O)
                                                      0.030     0.868 r  design_1_i/gmii_to_rgmii_0/U0/i_bufgmux_gmii_clk/O
                         net (fo=47, routed)          0.904     1.772    design_1_i/gmii_to_rgmii_0/U0/design_1_gmii_to_rgmii_0_0_core/i_gmii_to_rgmii/i_gmii_to_rgmii/gmii_tx_clk
    SLICE_X0Y67          FDRE                                         r  design_1_i/gmii_to_rgmii_0/U0/design_1_gmii_to_rgmii_0_0_core/i_gmii_to_rgmii/i_gmii_to_rgmii/gmii_txd_int_reg[6]/C
                         clock pessimism             -0.265     1.507    
    SLICE_X0Y67          FDRE (Hold_fdre_C_R)        -0.032     1.475    design_1_i/gmii_to_rgmii_0/U0/design_1_gmii_to_rgmii_0_0_core/i_gmii_to_rgmii/i_gmii_to_rgmii/gmii_txd_int_reg[6]
  -------------------------------------------------------------------
                         required time                         -1.475    
                         arrival time                           1.683    
  -------------------------------------------------------------------
                         slack                                  0.208    

Slack (MET) :             0.239ns  (arrival time - required time)
  Source:                 design_1_i/gmii_to_rgmii_0/U0/design_1_gmii_to_rgmii_0_0_core/i_gmii_to_rgmii/i_gmii_to_rgmii/i_sync_rx_er/data_sync_reg6/C
                            (rising edge-triggered cell FDRE clocked by clk_fpga_1  {rise@0.000ns fall@4.000ns period=8.000ns})
  Destination:            design_1_i/processing_system7_0/inst/ENET1_GMII_CRS_i_reg/D
                            (rising edge-triggered cell FDRE clocked by clk_fpga_1  {rise@0.000ns fall@4.000ns period=8.000ns})
  Path Group:             clk_fpga_1
  Path Type:              Hold (Min at Fast Process Corner)
  Requirement:            0.000ns  (clk_fpga_1 rise@0.000ns - clk_fpga_1 rise@0.000ns)
  Data Path Delay:        0.314ns  (logic 0.132ns (42.101%)  route 0.182ns (57.899%))
  Logic Levels:           1  (LUT5=1)
  Clock Path Skew:        0.000ns (DCD - SCD - CPR)
    Destination Clock Delay (DCD):    1.771ns
    Source Clock Delay      (SCD):    1.494ns
    Clock Pessimism Removal (CPR):    0.277ns

    Location             Delay type                Incr(ns)  Path(ns)    Netlist Resource(s)
  -------------------------------------------------------------------    -------------------
                         (clock clk_fpga_1 rise edge)
                                                      0.000     0.000 r  
    PS7_X0Y0             PS7                          0.000     0.000 r  design_1_i/processing_system7_0/inst/PS7_i/FCLKCLK[1]
                         net (fo=1, routed)           0.725     0.725    design_1_i/processing_system7_0/inst/FCLK_CLK_unbuffered[1]
    BUFGCTRL_X0Y28       BUFG (Prop_bufg_I_O)         0.026     0.751 r  design_1_i/processing_system7_0/inst/buffer_fclk_clk_1.FCLK_CLK_1_BUFG/O
                         net (fo=1, routed)           0.035     0.786    design_1_i/gmii_to_rgmii_0/U0/gmii_clk_125m_in
    BUFGCTRL_X0Y27       BUFGCTRL (Prop_bufgctrl_I1_O)
                                                      0.026     0.812 r  design_1_i/gmii_to_rgmii_0/U0/i_bufgmux_gmii_clk/O
                         net (fo=47, routed)          0.682     1.494    design_1_i/gmii_to_rgmii_0/U0/design_1_gmii_to_rgmii_0_0_core/i_gmii_to_rgmii/i_gmii_to_rgmii/i_sync_rx_er/gmii_tx_clk
    SLICE_X1Y68          FDRE                                         r  design_1_i/gmii_to_rgmii_0/U0/design_1_gmii_to_rgmii_0_0_core/i_gmii_to_rgmii/i_gmii_to_rgmii/i_sync_rx_er/data_sync_reg6/C
  -------------------------------------------------------------------    -------------------
    SLICE_X1Y68          FDRE (Prop_fdre_C_Q)         0.100     1.594 r  design_1_i/gmii_to_rgmii_0/U0/design_1_gmii_to_rgmii_0_0_core/i_gmii_to_rgmii/i_gmii_to_rgmii/i_sync_rx_er/data_sync_reg6/Q
                         net (fo=2, routed)           0.182     1.776    design_1_i/gmii_to_rgmii_0/U0/design_1_gmii_to_rgmii_0_0_core/i_gmii_to_rgmii/i_gmii_to_rgmii/i_sync_rx_er/gmii_rx_er_reg_sync
    SLICE_X1Y68          LUT5 (Prop_lut5_I1_O)        0.032     1.808 r  design_1_i/gmii_to_rgmii_0/U0/design_1_gmii_to_rgmii_0_0_core/i_gmii_to_rgmii/i_gmii_to_rgmii/i_sync_rx_er/gmii_crs_INST_0/O
                         net (fo=1, routed)           0.000     1.808    design_1_i/processing_system7_0/inst/ENET1_GMII_CRS
    SLICE_X1Y68          FDRE                                         r  design_1_i/processing_system7_0/inst/ENET1_GMII_CRS_i_reg/D
  -------------------------------------------------------------------    -------------------

                         (clock clk_fpga_1 rise edge)
                                                      0.000     0.000 r  
    PS7_X0Y0             PS7                          0.000     0.000 r  design_1_i/processing_system7_0/inst/PS7_i/FCLKCLK[1]
                         net (fo=1, routed)           0.769     0.769    design_1_i/processing_system7_0/inst/FCLK_CLK_unbuffered[1]
    BUFGCTRL_X0Y28       BUFG (Prop_bufg_I_O)         0.030     0.799 r  design_1_i/processing_system7_0/inst/buffer_fclk_clk_1.FCLK_CLK_1_BUFG/O
                         net (fo=1, routed)           0.039     0.838    design_1_i/gmii_to_rgmii_0/U0/gmii_clk_125m_in
    BUFGCTRL_X0Y27       BUFGCTRL (Prop_bufgctrl_I1_O)
                                                      0.030     0.868 r  design_1_i/gmii_to_rgmii_0/U0/i_bufgmux_gmii_clk/O
                         net (fo=47, routed)          0.903     1.771    design_1_i/processing_system7_0/inst/ENET1_GMII_TX_CLK
    SLICE_X1Y68          FDRE                                         r  design_1_i/processing_system7_0/inst/ENET1_GMII_CRS_i_reg/C
                         clock pessimism             -0.277     1.494    
    SLICE_X1Y68          FDRE (Hold_fdre_C_D)         0.075     1.569    design_1_i/processing_system7_0/inst/ENET1_GMII_CRS_i_reg
  -------------------------------------------------------------------
                         required time                         -1.569    
                         arrival time                           1.808    
  -------------------------------------------------------------------
                         slack                                  0.239    

Slack (MET) :             0.239ns  (arrival time - required time)
  Source:                 design_1_i/gmii_to_rgmii_0/U0/design_1_gmii_to_rgmii_0_0_core/i_gmii_to_rgmii/i_gmii_to_rgmii/i_reset_sync_tx_reset/reset_sync3/C
                            (rising edge-triggered cell FDPE clocked by clk_fpga_1  {rise@0.000ns fall@4.000ns period=8.000ns})
  Destination:            design_1_i/gmii_to_rgmii_0/U0/design_1_gmii_to_rgmii_0_0_core/i_gmii_to_rgmii/i_gmii_to_rgmii/i_reset_sync_tx_reset/reset_sync4/D
                            (rising edge-triggered cell FDPE clocked by clk_fpga_1  {rise@0.000ns fall@4.000ns period=8.000ns})
  Path Group:             clk_fpga_1
  Path Type:              Hold (Min at Fast Process Corner)
  Requirement:            0.000ns  (clk_fpga_1 rise@0.000ns - clk_fpga_1 rise@0.000ns)
  Data Path Delay:        0.235ns  (logic 0.091ns (38.695%)  route 0.144ns (61.305%))
  Logic Levels:           0  
  Clock Path Skew:        0.000ns (DCD - SCD - CPR)
    Destination Clock Delay (DCD):    1.774ns
    Source Clock Delay      (SCD):    1.497ns
    Clock Pessimism Removal (CPR):    0.277ns

    Location             Delay type                Incr(ns)  Path(ns)    Netlist Resource(s)
  -------------------------------------------------------------------    -------------------
                         (clock clk_fpga_1 rise edge)
                                                      0.000     0.000 r  
    PS7_X0Y0             PS7                          0.000     0.000 r  design_1_i/processing_system7_0/inst/PS7_i/FCLKCLK[1]
                         net (fo=1, routed)           0.725     0.725    design_1_i/processing_system7_0/inst/FCLK_CLK_unbuffered[1]
    BUFGCTRL_X0Y28       BUFG (Prop_bufg_I_O)         0.026     0.751 r  design_1_i/processing_system7_0/inst/buffer_fclk_clk_1.FCLK_CLK_1_BUFG/O
                         net (fo=1, routed)           0.035     0.786    design_1_i/gmii_to_rgmii_0/U0/gmii_clk_125m_in
    BUFGCTRL_X0Y27       BUFGCTRL (Prop_bufgctrl_I1_O)
                                                      0.026     0.812 r  design_1_i/gmii_to_rgmii_0/U0/i_bufgmux_gmii_clk/O
                         net (fo=47, routed)          0.685     1.497    design_1_i/gmii_to_rgmii_0/U0/design_1_gmii_to_rgmii_0_0_core/i_gmii_to_rgmii/i_gmii_to_rgmii/i_reset_sync_tx_reset/gmii_tx_clk
    SLICE_X1Y65          FDPE                                         r  design_1_i/gmii_to_rgmii_0/U0/design_1_gmii_to_rgmii_0_0_core/i_gmii_to_rgmii/i_gmii_to_rgmii/i_reset_sync_tx_reset/reset_sync3/C
  -------------------------------------------------------------------    -------------------
    SLICE_X1Y65          FDPE (Prop_fdpe_C_Q)         0.091     1.588 r  design_1_i/gmii_to_rgmii_0/U0/design_1_gmii_to_rgmii_0_0_core/i_gmii_to_rgmii/i_gmii_to_rgmii/i_reset_sync_tx_reset/reset_sync3/Q
                         net (fo=1, routed)           0.144     1.732    design_1_i/gmii_to_rgmii_0/U0/design_1_gmii_to_rgmii_0_0_core/i_gmii_to_rgmii/i_gmii_to_rgmii/i_reset_sync_tx_reset/reset_sync_reg3_2
    SLICE_X1Y65          FDPE                                         r  design_1_i/gmii_to_rgmii_0/U0/design_1_gmii_to_rgmii_0_0_core/i_gmii_to_rgmii/i_gmii_to_rgmii/i_reset_sync_tx_reset/reset_sync4/D
  -------------------------------------------------------------------    -------------------

                         (clock clk_fpga_1 rise edge)
                                                      0.000     0.000 r  
    PS7_X0Y0             PS7                          0.000     0.000 r  design_1_i/processing_system7_0/inst/PS7_i/FCLKCLK[1]
                         net (fo=1, routed)           0.769     0.769    design_1_i/processing_system7_0/inst/FCLK_CLK_unbuffered[1]
    BUFGCTRL_X0Y28       BUFG (Prop_bufg_I_O)         0.030     0.799 r  design_1_i/processing_system7_0/inst/buffer_fclk_clk_1.FCLK_CLK_1_BUFG/O
                         net (fo=1, routed)           0.039     0.838    design_1_i/gmii_to_rgmii_0/U0/gmii_clk_125m_in
    BUFGCTRL_X0Y27       BUFGCTRL (Prop_bufgctrl_I1_O)
                                                      0.030     0.868 r  design_1_i/gmii_to_rgmii_0/U0/i_bufgmux_gmii_clk/O
                         net (fo=47, routed)          0.906     1.774    design_1_i/gmii_to_rgmii_0/U0/design_1_gmii_to_rgmii_0_0_core/i_gmii_to_rgmii/i_gmii_to_rgmii/i_reset_sync_tx_reset/gmii_tx_clk
    SLICE_X1Y65          FDPE                                         r  design_1_i/gmii_to_rgmii_0/U0/design_1_gmii_to_rgmii_0_0_core/i_gmii_to_rgmii/i_gmii_to_rgmii/i_reset_sync_tx_reset/reset_sync4/C
                         clock pessimism             -0.277     1.497    
    SLICE_X1Y65          FDPE (Hold_fdpe_C_D)        -0.004     1.493    design_1_i/gmii_to_rgmii_0/U0/design_1_gmii_to_rgmii_0_0_core/i_gmii_to_rgmii/i_gmii_to_rgmii/i_reset_sync_tx_reset/reset_sync4
  -------------------------------------------------------------------
                         required time                         -1.493    
                         arrival time                           1.732    
  -------------------------------------------------------------------
                         slack                                  0.239    

Slack (MET) :             0.249ns  (arrival time - required time)
  Source:                 design_1_i/gmii_to_rgmii_0/U0/design_1_gmii_to_rgmii_0_0_core/i_gmii_to_rgmii/i_gmii_to_rgmii/i_sync_rx_er/data_sync_reg6/C
                            (rising edge-triggered cell FDRE clocked by clk_fpga_1  {rise@0.000ns fall@4.000ns period=8.000ns})
  Destination:            design_1_i/processing_system7_0/inst/ENET1_GMII_COL_i_reg/D
                            (rising edge-triggered cell FDRE clocked by clk_fpga_1  {rise@0.000ns fall@4.000ns period=8.000ns})
  Path Group:             clk_fpga_1
  Path Type:              Hold (Min at Fast Process Corner)
  Requirement:            0.000ns  (clk_fpga_1 rise@0.000ns - clk_fpga_1 rise@0.000ns)
  Data Path Delay:        0.310ns  (logic 0.128ns (41.353%)  route 0.182ns (58.647%))
  Logic Levels:           1  (LUT5=1)
  Clock Path Skew:        0.000ns (DCD - SCD - CPR)
    Destination Clock Delay (DCD):    1.771ns
    Source Clock Delay      (SCD):    1.494ns
    Clock Pessimism Removal (CPR):    0.277ns

    Location             Delay type                Incr(ns)  Path(ns)    Netlist Resource(s)
  -------------------------------------------------------------------    -------------------
                         (clock clk_fpga_1 rise edge)
                                                      0.000     0.000 r  
    PS7_X0Y0             PS7                          0.000     0.000 r  design_1_i/processing_system7_0/inst/PS7_i/FCLKCLK[1]
                         net (fo=1, routed)           0.725     0.725    design_1_i/processing_system7_0/inst/FCLK_CLK_unbuffered[1]
    BUFGCTRL_X0Y28       BUFG (Prop_bufg_I_O)         0.026     0.751 r  design_1_i/processing_system7_0/inst/buffer_fclk_clk_1.FCLK_CLK_1_BUFG/O
                         net (fo=1, routed)           0.035     0.786    design_1_i/gmii_to_rgmii_0/U0/gmii_clk_125m_in
    BUFGCTRL_X0Y27       BUFGCTRL (Prop_bufgctrl_I1_O)
                                                      0.026     0.812 r  design_1_i/gmii_to_rgmii_0/U0/i_bufgmux_gmii_clk/O
                         net (fo=47, routed)          0.682     1.494    design_1_i/gmii_to_rgmii_0/U0/design_1_gmii_to_rgmii_0_0_core/i_gmii_to_rgmii/i_gmii_to_rgmii/i_sync_rx_er/gmii_tx_clk
    SLICE_X1Y68          FDRE                                         r  design_1_i/gmii_to_rgmii_0/U0/design_1_gmii_to_rgmii_0_0_core/i_gmii_to_rgmii/i_gmii_to_rgmii/i_sync_rx_er/data_sync_reg6/C
  -------------------------------------------------------------------    -------------------
    SLICE_X1Y68          FDRE (Prop_fdre_C_Q)         0.100     1.594 r  design_1_i/gmii_to_rgmii_0/U0/design_1_gmii_to_rgmii_0_0_core/i_gmii_to_rgmii/i_gmii_to_rgmii/i_sync_rx_er/data_sync_reg6/Q
                         net (fo=2, routed)           0.182     1.776    design_1_i/gmii_to_rgmii_0/U0/design_1_gmii_to_rgmii_0_0_core/i_gmii_to_rgmii/i_gmii_to_rgmii/i_sync_rx_er/gmii_rx_er_reg_sync
    SLICE_X1Y68          LUT5 (Prop_lut5_I2_O)        0.028     1.804 r  design_1_i/gmii_to_rgmii_0/U0/design_1_gmii_to_rgmii_0_0_core/i_gmii_to_rgmii/i_gmii_to_rgmii/i_sync_rx_er/gmii_col_INST_0/O
                         net (fo=1, routed)           0.000     1.804    design_1_i/processing_system7_0/inst/ENET1_GMII_COL
    SLICE_X1Y68          FDRE                                         r  design_1_i/processing_system7_0/inst/ENET1_GMII_COL_i_reg/D
  -------------------------------------------------------------------    -------------------

                         (clock clk_fpga_1 rise edge)
                                                      0.000     0.000 r  
    PS7_X0Y0             PS7                          0.000     0.000 r  design_1_i/processing_system7_0/inst/PS7_i/FCLKCLK[1]
                         net (fo=1, routed)           0.769     0.769    design_1_i/processing_system7_0/inst/FCLK_CLK_unbuffered[1]
    BUFGCTRL_X0Y28       BUFG (Prop_bufg_I_O)         0.030     0.799 r  design_1_i/processing_system7_0/inst/buffer_fclk_clk_1.FCLK_CLK_1_BUFG/O
                         net (fo=1, routed)           0.039     0.838    design_1_i/gmii_to_rgmii_0/U0/gmii_clk_125m_in
    BUFGCTRL_X0Y27       BUFGCTRL (Prop_bufgctrl_I1_O)
                                                      0.030     0.868 r  design_1_i/gmii_to_rgmii_0/U0/i_bufgmux_gmii_clk/O
                         net (fo=47, routed)          0.903     1.771    design_1_i/processing_system7_0/inst/ENET1_GMII_TX_CLK
    SLICE_X1Y68          FDRE                                         r  design_1_i/processing_system7_0/inst/ENET1_GMII_COL_i_reg/C
                         clock pessimism             -0.277     1.494    
    SLICE_X1Y68          FDRE (Hold_fdre_C_D)         0.061     1.555    design_1_i/processing_system7_0/inst/ENET1_GMII_COL_i_reg
  -------------------------------------------------------------------
                         required time                         -1.555    
                         arrival time                           1.804    
  -------------------------------------------------------------------
                         slack                                  0.249    

Slack (MET) :             0.257ns  (arrival time - required time)
  Source:                 design_1_i/gmii_to_rgmii_0/U0/design_1_gmii_to_rgmii_0_0_core/i_gmii_to_rgmii/i_gmii_to_rgmii/i_reset_sync_tx_reset/reset_sync6/C
                            (rising edge-triggered cell FDPE clocked by clk_fpga_1  {rise@0.000ns fall@4.000ns period=8.000ns})
  Destination:            design_1_i/gmii_to_rgmii_0/U0/design_1_gmii_to_rgmii_0_0_core/i_gmii_to_rgmii/i_gmii_to_rgmii/gmii_tx_en_int_reg/R
                            (rising edge-triggered cell FDRE clocked by clk_fpga_1  {rise@0.000ns fall@4.000ns period=8.000ns})
  Path Group:             clk_fpga_1
  Path Type:              Hold (Min at Fast Process Corner)
  Requirement:            0.000ns  (clk_fpga_1 rise@0.000ns - clk_fpga_1 rise@0.000ns)
  Data Path Delay:        0.235ns  (logic 0.091ns (38.750%)  route 0.144ns (61.250%))
  Logic Levels:           0  
  Clock Path Skew:        0.010ns (DCD - SCD - CPR)
    Destination Clock Delay (DCD):    1.771ns
    Source Clock Delay      (SCD):    1.496ns
    Clock Pessimism Removal (CPR):    0.265ns

    Location             Delay type                Incr(ns)  Path(ns)    Netlist Resource(s)
  -------------------------------------------------------------------    -------------------
                         (clock clk_fpga_1 rise edge)
                                                      0.000     0.000 r  
    PS7_X0Y0             PS7                          0.000     0.000 r  design_1_i/processing_system7_0/inst/PS7_i/FCLKCLK[1]
                         net (fo=1, routed)           0.725     0.725    design_1_i/processing_system7_0/inst/FCLK_CLK_unbuffered[1]
    BUFGCTRL_X0Y28       BUFG (Prop_bufg_I_O)         0.026     0.751 r  design_1_i/processing_system7_0/inst/buffer_fclk_clk_1.FCLK_CLK_1_BUFG/O
                         net (fo=1, routed)           0.035     0.786    design_1_i/gmii_to_rgmii_0/U0/gmii_clk_125m_in
    BUFGCTRL_X0Y27       BUFGCTRL (Prop_bufgctrl_I1_O)
                                                      0.026     0.812 r  design_1_i/gmii_to_rgmii_0/U0/i_bufgmux_gmii_clk/O
                         net (fo=47, routed)          0.684     1.496    design_1_i/gmii_to_rgmii_0/U0/design_1_gmii_to_rgmii_0_0_core/i_gmii_to_rgmii/i_gmii_to_rgmii/i_reset_sync_tx_reset/gmii_tx_clk
    SLICE_X1Y66          FDPE                                         r  design_1_i/gmii_to_rgmii_0/U0/design_1_gmii_to_rgmii_0_0_core/i_gmii_to_rgmii/i_gmii_to_rgmii/i_reset_sync_tx_reset/reset_sync6/C
  -------------------------------------------------------------------    -------------------
    SLICE_X1Y66          FDPE (Prop_fdpe_C_Q)         0.091     1.587 r  design_1_i/gmii_to_rgmii_0/U0/design_1_gmii_to_rgmii_0_0_core/i_gmii_to_rgmii/i_gmii_to_rgmii/i_reset_sync_tx_reset/reset_sync6/Q
                         net (fo=16, routed)          0.144     1.731    design_1_i/gmii_to_rgmii_0/U0/design_1_gmii_to_rgmii_0_0_core/i_gmii_to_rgmii/i_gmii_to_rgmii/tx_reset_sync_5
    SLICE_X0Y68          FDRE                                         r  design_1_i/gmii_to_rgmii_0/U0/design_1_gmii_to_rgmii_0_0_core/i_gmii_to_rgmii/i_gmii_to_rgmii/gmii_tx_en_int_reg/R
  -------------------------------------------------------------------    -------------------

                         (clock clk_fpga_1 rise edge)
                                                      0.000     0.000 r  
    PS7_X0Y0             PS7                          0.000     0.000 r  design_1_i/processing_system7_0/inst/PS7_i/FCLKCLK[1]
                         net (fo=1, routed)           0.769     0.769    design_1_i/processing_system7_0/inst/FCLK_CLK_unbuffered[1]
    BUFGCTRL_X0Y28       BUFG (Prop_bufg_I_O)         0.030     0.799 r  design_1_i/processing_system7_0/inst/buffer_fclk_clk_1.FCLK_CLK_1_BUFG/O
                         net (fo=1, routed)           0.039     0.838    design_1_i/gmii_to_rgmii_0/U0/gmii_clk_125m_in
    BUFGCTRL_X0Y27       BUFGCTRL (Prop_bufgctrl_I1_O)
                                                      0.030     0.868 r  design_1_i/gmii_to_rgmii_0/U0/i_bufgmux_gmii_clk/O
                         net (fo=47, routed)          0.903     1.771    design_1_i/gmii_to_rgmii_0/U0/design_1_gmii_to_rgmii_0_0_core/i_gmii_to_rgmii/i_gmii_to_rgmii/gmii_tx_clk
    SLICE_X0Y68          FDRE                                         r  design_1_i/gmii_to_rgmii_0/U0/design_1_gmii_to_rgmii_0_0_core/i_gmii_to_rgmii/i_gmii_to_rgmii/gmii_tx_en_int_reg/C
                         clock pessimism             -0.265     1.506    
    SLICE_X0Y68          FDRE (Hold_fdre_C_R)        -0.032     1.474    design_1_i/gmii_to_rgmii_0/U0/design_1_gmii_to_rgmii_0_0_core/i_gmii_to_rgmii/i_gmii_to_rgmii/gmii_tx_en_int_reg
  -------------------------------------------------------------------
                         required time                         -1.474    
                         arrival time                           1.731    
  -------------------------------------------------------------------
                         slack                                  0.257    





Pulse Width Checks
--------------------------------------------------------------------------------------
Clock Name:         clk_fpga_1
Waveform(ns):       { 0.000 4.000 }
Period(ns):         8.000
Sources:            { design_1_i/processing_system7_0/inst/PS7_i/FCLKCLK[1] }

Check Type        Corner  Lib Pin      Reference Pin  Required(ns)  Actual(ns)  Slack(ns)  Location        Pin
Min Period        n/a     BUFG/I       n/a            1.409         8.000       6.591      BUFGCTRL_X0Y28  design_1_i/processing_system7_0/inst/buffer_fclk_clk_1.FCLK_CLK_1_BUFG/I
Min Period        n/a     BUFGCTRL/I1  n/a            1.409         8.000       6.591      BUFGCTRL_X0Y27  design_1_i/gmii_to_rgmii_0/U0/i_bufgmux_gmii_clk/I1
Min Period        n/a     ODDR/C       n/a            1.070         8.000       6.930      OLOGIC_X0Y27    design_1_i/gmii_to_rgmii_0/U0/design_1_gmii_to_rgmii_0_0_core/i_gmii_to_rgmii/i_gmii_to_rgmii/gen_rgmii_txc.gen_rgmii_txc_zq.rgmii_txc_out/C
Min Period        n/a     ODDR/C       n/a            1.070         8.000       6.930      OLOGIC_X0Y28    design_1_i/gmii_to_rgmii_0/U0/design_1_gmii_to_rgmii_0_0_core/i_gmii_to_rgmii/i_gmii_to_rgmii/gen_rgmii_txdata_zq.rgmii_tx_ctl_out/C
Min Period        n/a     ODDR/C       n/a            1.070         8.000       6.930      OLOGIC_X0Y37    design_1_i/gmii_to_rgmii_0/U0/design_1_gmii_to_rgmii_0_0_core/i_gmii_to_rgmii/i_gmii_to_rgmii/gen_rgmii_txdata_zq.txdata_out_bus[0].rgmii_txd_out/C
Min Period        n/a     ODDR/C       n/a            1.070         8.000       6.930      OLOGIC_X0Y38    design_1_i/gmii_to_rgmii_0/U0/design_1_gmii_to_rgmii_0_0_core/i_gmii_to_rgmii/i_gmii_to_rgmii/gen_rgmii_txdata_zq.txdata_out_bus[1].rgmii_txd_out/C
Min Period        n/a     ODDR/C       n/a            1.070         8.000       6.930      OLOGIC_X0Y23    design_1_i/gmii_to_rgmii_0/U0/design_1_gmii_to_rgmii_0_0_core/i_gmii_to_rgmii/i_gmii_to_rgmii/gen_rgmii_txdata_zq.txdata_out_bus[2].rgmii_txd_out/C
Min Period        n/a     ODDR/C       n/a            1.070         8.000       6.930      OLOGIC_X0Y24    design_1_i/gmii_to_rgmii_0/U0/design_1_gmii_to_rgmii_0_0_core/i_gmii_to_rgmii/i_gmii_to_rgmii/gen_rgmii_txdata_zq.txdata_out_bus[3].rgmii_txd_out/C
Min Period        n/a     FDPE/C       n/a            0.750         8.000       7.250      SLICE_X1Y65     design_1_i/gmii_to_rgmii_0/U0/design_1_gmii_to_rgmii_0_0_core/i_gmii_to_rgmii/i_gmii_to_rgmii/i_reset_sync_tx_reset/reset_sync5/C
Min Period        n/a     FDPE/C       n/a            0.750         8.000       7.250      SLICE_X1Y66     design_1_i/gmii_to_rgmii_0/U0/design_1_gmii_to_rgmii_0_0_core/i_gmii_to_rgmii/i_gmii_to_rgmii/i_reset_sync_tx_reset/reset_sync6/C
Low Pulse Width   Fast    FDPE/C       n/a            0.400         4.000       3.600      SLICE_X1Y65     design_1_i/gmii_to_rgmii_0/U0/design_1_gmii_to_rgmii_0_0_core/i_gmii_to_rgmii/i_gmii_to_rgmii/i_reset_sync_tx_reset/reset_sync5/C
Low Pulse Width   Fast    FDPE/C       n/a            0.400         4.000       3.600      SLICE_X1Y66     design_1_i/gmii_to_rgmii_0/U0/design_1_gmii_to_rgmii_0_0_core/i_gmii_to_rgmii/i_gmii_to_rgmii/i_reset_sync_tx_reset/reset_sync6/C
Low Pulse Width   Fast    FDRE/C       n/a            0.400         4.000       3.600      SLICE_X1Y67     design_1_i/gmii_to_rgmii_0/U0/design_1_gmii_to_rgmii_0_0_core/i_gmii_to_rgmii/i_gmii_to_rgmii/i_sync_rx_dv/data_sync_reg2/C
Low Pulse Width   Fast    FDRE/C       n/a            0.400         4.000       3.600      SLICE_X1Y67     design_1_i/gmii_to_rgmii_0/U0/design_1_gmii_to_rgmii_0_0_core/i_gmii_to_rgmii/i_gmii_to_rgmii/i_sync_rx_dv/data_sync_reg3/C
Low Pulse Width   Fast    FDRE/C       n/a            0.400         4.000       3.600      SLICE_X1Y67     design_1_i/gmii_to_rgmii_0/U0/design_1_gmii_to_rgmii_0_0_core/i_gmii_to_rgmii/i_gmii_to_rgmii/i_sync_rx_dv/data_sync_reg5/C
Low Pulse Width   Fast    FDRE/C       n/a            0.400         4.000       3.600      SLICE_X0Y67     design_1_i/gmii_to_rgmii_0/U0/design_1_gmii_to_rgmii_0_0_core/i_gmii_to_rgmii/i_gmii_to_rgmii/gmii_txd_int_reg[6]/C
Low Pulse Width   Fast    FDPE/C       n/a            0.400         4.000       3.600      SLICE_X1Y65     design_1_i/gmii_to_rgmii_0/U0/design_1_gmii_to_rgmii_0_0_core/i_gmii_to_rgmii/i_gmii_to_rgmii/i_reset_sync_tx_reset/reset_sync1/C
Low Pulse Width   Fast    FDPE/C       n/a            0.400         4.000       3.600      SLICE_X1Y65     design_1_i/gmii_to_rgmii_0/U0/design_1_gmii_to_rgmii_0_0_core/i_gmii_to_rgmii/i_gmii_to_rgmii/i_reset_sync_tx_reset/reset_sync3/C
Low Pulse Width   Slow    FDPE/C       n/a            0.400         4.000       3.600      SLICE_X1Y65     design_1_i/gmii_to_rgmii_0/U0/design_1_gmii_to_rgmii_0_0_core/i_gmii_to_rgmii/i_gmii_to_rgmii/i_reset_sync_tx_reset/reset_sync5/C
Low Pulse Width   Slow    FDPE/C       n/a            0.400         4.000       3.600      SLICE_X1Y66     design_1_i/gmii_to_rgmii_0/U0/design_1_gmii_to_rgmii_0_0_core/i_gmii_to_rgmii/i_gmii_to_rgmii/i_reset_sync_tx_reset/reset_sync6/C
High Pulse Width  Slow    FDRE/C       n/a            0.350         4.000       3.650      SLICE_X1Y67     design_1_i/gmii_to_rgmii_0/U0/design_1_gmii_to_rgmii_0_0_core/i_gmii_to_rgmii/i_gmii_to_rgmii/i_sync_rx_dv/data_sync_reg1/C
High Pulse Width  Slow    FDRE/C       n/a            0.350         4.000       3.650      SLICE_X1Y67     design_1_i/gmii_to_rgmii_0/U0/design_1_gmii_to_rgmii_0_0_core/i_gmii_to_rgmii/i_gmii_to_rgmii/i_sync_rx_dv/data_sync_reg2/C
High Pulse Width  Slow    FDRE/C       n/a            0.350         4.000       3.650      SLICE_X1Y67     design_1_i/gmii_to_rgmii_0/U0/design_1_gmii_to_rgmii_0_0_core/i_gmii_to_rgmii/i_gmii_to_rgmii/i_sync_rx_dv/data_sync_reg3/C
High Pulse Width  Slow    FDRE/C       n/a            0.350         4.000       3.650      SLICE_X1Y67     design_1_i/gmii_to_rgmii_0/U0/design_1_gmii_to_rgmii_0_0_core/i_gmii_to_rgmii/i_gmii_to_rgmii/i_sync_rx_dv/data_sync_reg4/C
High Pulse Width  Slow    FDRE/C       n/a            0.350         4.000       3.650      SLICE_X1Y67     design_1_i/gmii_to_rgmii_0/U0/design_1_gmii_to_rgmii_0_0_core/i_gmii_to_rgmii/i_gmii_to_rgmii/i_sync_rx_dv/data_sync_reg5/C
High Pulse Width  Slow    FDRE/C       n/a            0.350         4.000       3.650      SLICE_X1Y67     design_1_i/gmii_to_rgmii_0/U0/design_1_gmii_to_rgmii_0_0_core/i_gmii_to_rgmii/i_gmii_to_rgmii/i_sync_rx_dv/data_sync_reg6/C
High Pulse Width  Fast    FDRE/C       n/a            0.350         4.000       3.650      SLICE_X1Y68     design_1_i/gmii_to_rgmii_0/U0/design_1_gmii_to_rgmii_0_0_core/i_gmii_to_rgmii/i_gmii_to_rgmii/i_sync_rx_er/data_sync_reg1/C
High Pulse Width  Fast    FDRE/C       n/a            0.350         4.000       3.650      SLICE_X1Y68     design_1_i/gmii_to_rgmii_0/U0/design_1_gmii_to_rgmii_0_0_core/i_gmii_to_rgmii/i_gmii_to_rgmii/i_sync_rx_er/data_sync_reg2/C
High Pulse Width  Fast    FDRE/C       n/a            0.350         4.000       3.650      SLICE_X1Y68     design_1_i/gmii_to_rgmii_0/U0/design_1_gmii_to_rgmii_0_0_core/i_gmii_to_rgmii/i_gmii_to_rgmii/i_sync_rx_er/data_sync_reg3/C
High Pulse Width  Fast    FDRE/C       n/a            0.350         4.000       3.650      SLICE_X1Y68     design_1_i/gmii_to_rgmii_0/U0/design_1_gmii_to_rgmii_0_0_core/i_gmii_to_rgmii/i_gmii_to_rgmii/i_sync_rx_er/data_sync_reg4/C



---------------------------------------------------------------------------------------------------
From Clock:  clk_fpga_2
  To Clock:  clk_fpga_2

Setup :           NA  Failing Endpoints,  Worst Slack           NA  ,  Total Violation           NA
Hold  :           NA  Failing Endpoints,  Worst Slack           NA  ,  Total Violation           NA
PW    :            0  Failing Endpoints,  Worst Slack       38.592ns,  Total Violation        0.000ns
---------------------------------------------------------------------------------------------------


Pulse Width Checks
--------------------------------------------------------------------------------------
Clock Name:         clk_fpga_2
Waveform(ns):       { 0.000 20.000 }
Period(ns):         40.000
Sources:            { design_1_i/processing_system7_0/inst/PS7_i/FCLKCLK[2] }

Check Type  Corner  Lib Pin      Reference Pin  Required(ns)  Actual(ns)  Slack(ns)  Location        Pin
Min Period  n/a     BUFG/I       n/a            1.409         40.000      38.592     BUFGCTRL_X0Y29  design_1_i/processing_system7_0/inst/buffer_fclk_clk_2.FCLK_CLK_2_BUFG/I
Min Period  n/a     BUFGCTRL/I0  n/a            1.409         40.000      38.592     BUFGCTRL_X0Y27  design_1_i/gmii_to_rgmii_0/U0/i_bufgmux_gmii_clk/I0
Min Period  n/a     BUFGCTRL/I1  n/a            1.409         40.000      38.592     BUFGCTRL_X0Y30  design_1_i/gmii_to_rgmii_0/U0/i_bufgmux_gmii_clk_25m_2_5m/I1



---------------------------------------------------------------------------------------------------
From Clock:  clk_fpga_3
  To Clock:  clk_fpga_3

Setup :           NA  Failing Endpoints,  Worst Slack           NA  ,  Total Violation           NA
Hold  :           NA  Failing Endpoints,  Worst Slack           NA  ,  Total Violation           NA
PW    :            0  Failing Endpoints,  Worst Slack      398.592ns,  Total Violation        0.000ns
---------------------------------------------------------------------------------------------------


Pulse Width Checks
--------------------------------------------------------------------------------------
Clock Name:         clk_fpga_3
Waveform(ns):       { 0.000 200.000 }
Period(ns):         400.000
Sources:            { design_1_i/processing_system7_0/inst/PS7_i/FCLKCLK[3] }

Check Type  Corner  Lib Pin      Reference Pin  Required(ns)  Actual(ns)  Slack(ns)  Location        Pin
Min Period  n/a     BUFG/I       n/a            1.409         400.000     398.592    BUFGCTRL_X0Y31  design_1_i/processing_system7_0/inst/buffer_fclk_clk_3.FCLK_CLK_3_BUFG/I
Min Period  n/a     BUFGCTRL/I0  n/a            1.409         400.000     398.592    BUFGCTRL_X0Y27  design_1_i/gmii_to_rgmii_0/U0/i_bufgmux_gmii_clk/I0
Min Period  n/a     BUFGCTRL/I0  n/a            1.409         400.000     398.592    BUFGCTRL_X0Y30  design_1_i/gmii_to_rgmii_0/U0/i_bufgmux_gmii_clk_25m_2_5m/I0



---------------------------------------------------------------------------------------------------
From Clock:  clk_fpga_1
  To Clock:  design_1_gmii_to_rgmii_0_0_rgmii_tx_clk

Setup :            0  Failing Endpoints,  Worst Slack        0.669ns,  Total Violation        0.000ns
Hold  :            0  Failing Endpoints,  Worst Slack        0.945ns,  Total Violation        0.000ns
---------------------------------------------------------------------------------------------------


Max Delay Paths
--------------------------------------------------------------------------------------
Slack (MET) :             0.669ns  (required time - arrival time)
  Source:                 design_1_i/gmii_to_rgmii_0/U0/design_1_gmii_to_rgmii_0_0_core/i_gmii_to_rgmii/i_gmii_to_rgmii/gen_rgmii_txdata_zq.txdata_out_bus[2].rgmii_txd_out/C
                            (falling edge-triggered cell ODDR clocked by clk_fpga_1  {rise@0.000ns fall@4.000ns period=8.000ns})
  Destination:            RGMII_0_td[2]
                            (output port clocked by design_1_gmii_to_rgmii_0_0_rgmii_tx_clk  {rise@0.000ns fall@4.000ns period=8.000ns})
  Path Group:             design_1_gmii_to_rgmii_0_0_rgmii_tx_clk
  Path Type:              Max at Fast Process Corner
  Requirement:            0.000ns  (design_1_gmii_to_rgmii_0_0_rgmii_tx_clk fall@4.000ns - clk_fpga_1 fall@4.000ns)
  Data Path Delay:        1.772ns  (logic 1.772ns (100.000%)  route 0.000ns (0.000%))
  Logic Levels:           1  (OBUF=1)
  Output Delay:           -1.000ns
  Clock Path Skew:        1.440ns (DCD - SCD + CPR)
    Destination Clock Delay (DCD):    3.019ns = ( 15.019 - 12.000 ) 
    Source Clock Delay      (SCD):    1.870ns = ( 5.870 - 4.000 ) 
    Clock Pessimism Removal (CPR):    0.291ns
  Timing Exception:       MultiCycle Path   Setup -end   0    

    Location             Delay type                Incr(ns)  Path(ns)    Netlist Resource(s)
  -------------------------------------------------------------------    -------------------
                         (clock clk_fpga_1 fall edge)
                                                      4.000     4.000 f  
    PS7_X0Y0             PS7                          0.000     4.000 f  design_1_i/processing_system7_0/inst/PS7_i/FCLKCLK[1]
                         net (fo=1, routed)           0.769     4.769    design_1_i/processing_system7_0/inst/FCLK_CLK_unbuffered[1]
    BUFGCTRL_X0Y28       BUFG (Prop_bufg_I_O)         0.030     4.799 f  design_1_i/processing_system7_0/inst/buffer_fclk_clk_1.FCLK_CLK_1_BUFG/O
                         net (fo=1, routed)           0.039     4.838    design_1_i/gmii_to_rgmii_0/U0/gmii_clk_125m_in
    BUFGCTRL_X0Y27       BUFGCTRL (Prop_bufgctrl_I1_O)
                                                      0.030     4.868 f  design_1_i/gmii_to_rgmii_0/U0/i_bufgmux_gmii_clk/O
                         net (fo=47, routed)          1.002     5.870    design_1_i/gmii_to_rgmii_0/U0/design_1_gmii_to_rgmii_0_0_core/i_gmii_to_rgmii/i_gmii_to_rgmii/gmii_tx_clk
    OLOGIC_X0Y23         ODDR                                         f  design_1_i/gmii_to_rgmii_0/U0/design_1_gmii_to_rgmii_0_0_core/i_gmii_to_rgmii/i_gmii_to_rgmii/gen_rgmii_txdata_zq.txdata_out_bus[2].rgmii_txd_out/C
  -------------------------------------------------------------------    -------------------
    OLOGIC_X0Y23         ODDR (Prop_oddr_C_Q)         0.221     6.091 r  design_1_i/gmii_to_rgmii_0/U0/design_1_gmii_to_rgmii_0_0_core/i_gmii_to_rgmii/i_gmii_to_rgmii/gen_rgmii_txdata_zq.txdata_out_bus[2].rgmii_txd_out/Q
                         net (fo=1, routed)           0.000     6.091    design_1_i/gmii_to_rgmii_0/U0/rgmii_txd_obuf[2]
    AA19                 OBUF (Prop_obuf_I_O)         1.551     7.642 r  design_1_i/gmii_to_rgmii_0/U0/obuf_data[2].rgmii_txd_obuf_i/O
                         net (fo=0)                   0.000     7.642    RGMII_0_td[2]
    AA19                                                              r  RGMII_0_td[2] (OUT)
  -------------------------------------------------------------------    -------------------

                         (clock design_1_gmii_to_rgmii_0_0_rgmii_tx_clk fall edge)
                                                      4.000     4.000 f  
    PS7_X0Y0             PS7                          0.000     4.000 f  design_1_i/processing_system7_0/inst/PS7_i/FCLKCLK[1]
                         net (fo=1, routed)           0.725     4.725    design_1_i/processing_system7_0/inst/FCLK_CLK_unbuffered[1]
    BUFGCTRL_X0Y28       BUFG (Prop_bufg_I_O)         0.026     4.751 f  design_1_i/processing_system7_0/inst/buffer_fclk_clk_1.FCLK_CLK_1_BUFG/O
                         net (fo=1, routed)           0.035     4.786    design_1_i/gmii_to_rgmii_0/U0/gmii_clk_125m_in
    BUFGCTRL_X0Y27       BUFGCTRL (Prop_bufgctrl_I1_O)
                                                      0.026     4.812 f  design_1_i/gmii_to_rgmii_0/U0/i_bufgmux_gmii_clk/O
                         net (fo=47, routed)          0.753     5.565    design_1_i/gmii_to_rgmii_0/U0/design_1_gmii_to_rgmii_0_0_core/i_gmii_to_rgmii/i_gmii_to_rgmii/gmii_tx_clk
    OLOGIC_X0Y27         ODDR (Prop_oddr_C_Q)         0.192     5.757 f  design_1_i/gmii_to_rgmii_0/U0/design_1_gmii_to_rgmii_0_0_core/i_gmii_to_rgmii/i_gmii_to_rgmii/gen_rgmii_txc.gen_rgmii_txc_zq.rgmii_txc_out/Q
                         net (fo=1, routed)           0.000     5.757    design_1_i/gmii_to_rgmii_0/U0/I
    AC19                 OBUF (Prop_obuf_I_O)         1.262     7.019 f  design_1_i/gmii_to_rgmii_0/U0/rgmii_txc_obuf_i/O
                         net (fo=0)                   0.000     7.019    RGMII_0_txc
    AC19                                                              f  RGMII_0_txc (OUT)
                         clock pessimism              0.291     7.310    
                         output delay                 1.000     8.310    
  -------------------------------------------------------------------
                         required time                          8.310    
                         arrival time                          -7.642    
  -------------------------------------------------------------------
                         slack                                  0.669    

Slack (MET) :             0.670ns  (required time - arrival time)
  Source:                 design_1_i/gmii_to_rgmii_0/U0/design_1_gmii_to_rgmii_0_0_core/i_gmii_to_rgmii/i_gmii_to_rgmii/gen_rgmii_txdata_zq.txdata_out_bus[3].rgmii_txd_out/C
                            (falling edge-triggered cell ODDR clocked by clk_fpga_1  {rise@0.000ns fall@4.000ns period=8.000ns})
  Destination:            RGMII_0_td[3]
                            (output port clocked by design_1_gmii_to_rgmii_0_0_rgmii_tx_clk  {rise@0.000ns fall@4.000ns period=8.000ns})
  Path Group:             design_1_gmii_to_rgmii_0_0_rgmii_tx_clk
  Path Type:              Max at Fast Process Corner
  Requirement:            0.000ns  (design_1_gmii_to_rgmii_0_0_rgmii_tx_clk fall@4.000ns - clk_fpga_1 fall@4.000ns)
  Data Path Delay:        1.770ns  (logic 1.770ns (100.000%)  route 0.000ns (0.000%))
  Logic Levels:           1  (OBUF=1)
  Output Delay:           -1.000ns
  Clock Path Skew:        1.440ns (DCD - SCD + CPR)
    Destination Clock Delay (DCD):    3.019ns = ( 15.019 - 12.000 ) 
    Source Clock Delay      (SCD):    1.870ns = ( 5.870 - 4.000 ) 
    Clock Pessimism Removal (CPR):    0.291ns
  Timing Exception:       MultiCycle Path   Setup -end   0    

    Location             Delay type                Incr(ns)  Path(ns)    Netlist Resource(s)
  -------------------------------------------------------------------    -------------------
                         (clock clk_fpga_1 fall edge)
                                                      4.000     4.000 f  
    PS7_X0Y0             PS7                          0.000     4.000 f  design_1_i/processing_system7_0/inst/PS7_i/FCLKCLK[1]
                         net (fo=1, routed)           0.769     4.769    design_1_i/processing_system7_0/inst/FCLK_CLK_unbuffered[1]
    BUFGCTRL_X0Y28       BUFG (Prop_bufg_I_O)         0.030     4.799 f  design_1_i/processing_system7_0/inst/buffer_fclk_clk_1.FCLK_CLK_1_BUFG/O
                         net (fo=1, routed)           0.039     4.838    design_1_i/gmii_to_rgmii_0/U0/gmii_clk_125m_in
    BUFGCTRL_X0Y27       BUFGCTRL (Prop_bufgctrl_I1_O)
                                                      0.030     4.868 f  design_1_i/gmii_to_rgmii_0/U0/i_bufgmux_gmii_clk/O
                         net (fo=47, routed)          1.002     5.870    design_1_i/gmii_to_rgmii_0/U0/design_1_gmii_to_rgmii_0_0_core/i_gmii_to_rgmii/i_gmii_to_rgmii/gmii_tx_clk
    OLOGIC_X0Y24         ODDR                                         f  design_1_i/gmii_to_rgmii_0/U0/design_1_gmii_to_rgmii_0_0_core/i_gmii_to_rgmii/i_gmii_to_rgmii/gen_rgmii_txdata_zq.txdata_out_bus[3].rgmii_txd_out/C
  -------------------------------------------------------------------    -------------------
    OLOGIC_X0Y24         ODDR (Prop_oddr_C_Q)         0.221     6.091 r  design_1_i/gmii_to_rgmii_0/U0/design_1_gmii_to_rgmii_0_0_core/i_gmii_to_rgmii/i_gmii_to_rgmii/gen_rgmii_txdata_zq.txdata_out_bus[3].rgmii_txd_out/Q
                         net (fo=1, routed)           0.000     6.091    design_1_i/gmii_to_rgmii_0/U0/rgmii_txd_obuf[3]
    AA18                 OBUF (Prop_obuf_I_O)         1.549     7.640 r  design_1_i/gmii_to_rgmii_0/U0/obuf_data[3].rgmii_txd_obuf_i/O
                         net (fo=0)                   0.000     7.640    RGMII_0_td[3]
    AA18                                                              r  RGMII_0_td[3] (OUT)
  -------------------------------------------------------------------    -------------------

                         (clock design_1_gmii_to_rgmii_0_0_rgmii_tx_clk fall edge)
                                                      4.000     4.000 f  
    PS7_X0Y0             PS7                          0.000     4.000 f  design_1_i/processing_system7_0/inst/PS7_i/FCLKCLK[1]
                         net (fo=1, routed)           0.725     4.725    design_1_i/processing_system7_0/inst/FCLK_CLK_unbuffered[1]
    BUFGCTRL_X0Y28       BUFG (Prop_bufg_I_O)         0.026     4.751 f  design_1_i/processing_system7_0/inst/buffer_fclk_clk_1.FCLK_CLK_1_BUFG/O
                         net (fo=1, routed)           0.035     4.786    design_1_i/gmii_to_rgmii_0/U0/gmii_clk_125m_in
    BUFGCTRL_X0Y27       BUFGCTRL (Prop_bufgctrl_I1_O)
                                                      0.026     4.812 f  design_1_i/gmii_to_rgmii_0/U0/i_bufgmux_gmii_clk/O
                         net (fo=47, routed)          0.753     5.565    design_1_i/gmii_to_rgmii_0/U0/design_1_gmii_to_rgmii_0_0_core/i_gmii_to_rgmii/i_gmii_to_rgmii/gmii_tx_clk
    OLOGIC_X0Y27         ODDR (Prop_oddr_C_Q)         0.192     5.757 f  design_1_i/gmii_to_rgmii_0/U0/design_1_gmii_to_rgmii_0_0_core/i_gmii_to_rgmii/i_gmii_to_rgmii/gen_rgmii_txc.gen_rgmii_txc_zq.rgmii_txc_out/Q
                         net (fo=1, routed)           0.000     5.757    design_1_i/gmii_to_rgmii_0/U0/I
    AC19                 OBUF (Prop_obuf_I_O)         1.262     7.019 f  design_1_i/gmii_to_rgmii_0/U0/rgmii_txc_obuf_i/O
                         net (fo=0)                   0.000     7.019    RGMII_0_txc
    AC19                                                              f  RGMII_0_txc (OUT)
                         clock pessimism              0.291     7.310    
                         output delay                 1.000     8.310    
  -------------------------------------------------------------------
                         required time                          8.310    
                         arrival time                          -7.640    
  -------------------------------------------------------------------
                         slack                                  0.670    

Slack (MET) :             0.675ns  (required time - arrival time)
  Source:                 design_1_i/gmii_to_rgmii_0/U0/design_1_gmii_to_rgmii_0_0_core/i_gmii_to_rgmii/i_gmii_to_rgmii/gen_rgmii_txdata_zq.rgmii_tx_ctl_out/C
                            (falling edge-triggered cell ODDR clocked by clk_fpga_1  {rise@0.000ns fall@4.000ns period=8.000ns})
  Destination:            RGMII_0_tx_ctl
                            (output port clocked by design_1_gmii_to_rgmii_0_0_rgmii_tx_clk  {rise@0.000ns fall@4.000ns period=8.000ns})
  Path Group:             design_1_gmii_to_rgmii_0_0_rgmii_tx_clk
  Path Type:              Max at Fast Process Corner
  Requirement:            0.000ns  (design_1_gmii_to_rgmii_0_0_rgmii_tx_clk fall@4.000ns - clk_fpga_1 fall@4.000ns)
  Data Path Delay:        1.764ns  (logic 1.764ns (100.000%)  route 0.000ns (0.000%))
  Logic Levels:           1  (OBUF=1)
  Output Delay:           -1.000ns
  Clock Path Skew:        1.439ns (DCD - SCD + CPR)
    Destination Clock Delay (DCD):    3.019ns = ( 15.019 - 12.000 ) 
    Source Clock Delay      (SCD):    1.871ns = ( 5.871 - 4.000 ) 
    Clock Pessimism Removal (CPR):    0.291ns
  Timing Exception:       MultiCycle Path   Setup -end   0    

    Location             Delay type                Incr(ns)  Path(ns)    Netlist Resource(s)
  -------------------------------------------------------------------    -------------------
                         (clock clk_fpga_1 fall edge)
                                                      4.000     4.000 f  
    PS7_X0Y0             PS7                          0.000     4.000 f  design_1_i/processing_system7_0/inst/PS7_i/FCLKCLK[1]
                         net (fo=1, routed)           0.769     4.769    design_1_i/processing_system7_0/inst/FCLK_CLK_unbuffered[1]
    BUFGCTRL_X0Y28       BUFG (Prop_bufg_I_O)         0.030     4.799 f  design_1_i/processing_system7_0/inst/buffer_fclk_clk_1.FCLK_CLK_1_BUFG/O
                         net (fo=1, routed)           0.039     4.838    design_1_i/gmii_to_rgmii_0/U0/gmii_clk_125m_in
    BUFGCTRL_X0Y27       BUFGCTRL (Prop_bufgctrl_I1_O)
                                                      0.030     4.868 f  design_1_i/gmii_to_rgmii_0/U0/i_bufgmux_gmii_clk/O
                         net (fo=47, routed)          1.003     5.871    design_1_i/gmii_to_rgmii_0/U0/design_1_gmii_to_rgmii_0_0_core/i_gmii_to_rgmii/i_gmii_to_rgmii/gmii_tx_clk
    OLOGIC_X0Y28         ODDR                                         f  design_1_i/gmii_to_rgmii_0/U0/design_1_gmii_to_rgmii_0_0_core/i_gmii_to_rgmii/i_gmii_to_rgmii/gen_rgmii_txdata_zq.rgmii_tx_ctl_out/C
  -------------------------------------------------------------------    -------------------
    OLOGIC_X0Y28         ODDR (Prop_oddr_C_Q)         0.221     6.092 r  design_1_i/gmii_to_rgmii_0/U0/design_1_gmii_to_rgmii_0_0_core/i_gmii_to_rgmii/i_gmii_to_rgmii/gen_rgmii_txdata_zq.rgmii_tx_ctl_out/Q
                         net (fo=1, routed)           0.000     6.092    design_1_i/gmii_to_rgmii_0/U0/rgmii_tx_ctl_obuf
    AC18                 OBUF (Prop_obuf_I_O)         1.543     7.635 r  design_1_i/gmii_to_rgmii_0/U0/rgmii_tx_ctl_obuf_i/O
                         net (fo=0)                   0.000     7.635    RGMII_0_tx_ctl
    AC18                                                              r  RGMII_0_tx_ctl (OUT)
  -------------------------------------------------------------------    -------------------

                         (clock design_1_gmii_to_rgmii_0_0_rgmii_tx_clk fall edge)
                                                      4.000     4.000 f  
    PS7_X0Y0             PS7                          0.000     4.000 f  design_1_i/processing_system7_0/inst/PS7_i/FCLKCLK[1]
                         net (fo=1, routed)           0.725     4.725    design_1_i/processing_system7_0/inst/FCLK_CLK_unbuffered[1]
    BUFGCTRL_X0Y28       BUFG (Prop_bufg_I_O)         0.026     4.751 f  design_1_i/processing_system7_0/inst/buffer_fclk_clk_1.FCLK_CLK_1_BUFG/O
                         net (fo=1, routed)           0.035     4.786    design_1_i/gmii_to_rgmii_0/U0/gmii_clk_125m_in
    BUFGCTRL_X0Y27       BUFGCTRL (Prop_bufgctrl_I1_O)
                                                      0.026     4.812 f  design_1_i/gmii_to_rgmii_0/U0/i_bufgmux_gmii_clk/O
                         net (fo=47, routed)          0.753     5.565    design_1_i/gmii_to_rgmii_0/U0/design_1_gmii_to_rgmii_0_0_core/i_gmii_to_rgmii/i_gmii_to_rgmii/gmii_tx_clk
    OLOGIC_X0Y27         ODDR (Prop_oddr_C_Q)         0.192     5.757 f  design_1_i/gmii_to_rgmii_0/U0/design_1_gmii_to_rgmii_0_0_core/i_gmii_to_rgmii/i_gmii_to_rgmii/gen_rgmii_txc.gen_rgmii_txc_zq.rgmii_txc_out/Q
                         net (fo=1, routed)           0.000     5.757    design_1_i/gmii_to_rgmii_0/U0/I
    AC19                 OBUF (Prop_obuf_I_O)         1.262     7.019 f  design_1_i/gmii_to_rgmii_0/U0/rgmii_txc_obuf_i/O
                         net (fo=0)                   0.000     7.019    RGMII_0_txc
    AC19                                                              f  RGMII_0_txc (OUT)
                         clock pessimism              0.291     7.310    
                         output delay                 1.000     8.310    
  -------------------------------------------------------------------
                         required time                          8.310    
                         arrival time                          -7.635    
  -------------------------------------------------------------------
                         slack                                  0.675    

Slack (MET) :             0.677ns  (required time - arrival time)
  Source:                 design_1_i/gmii_to_rgmii_0/U0/design_1_gmii_to_rgmii_0_0_core/i_gmii_to_rgmii/i_gmii_to_rgmii/gen_rgmii_txdata_zq.txdata_out_bus[0].rgmii_txd_out/C
                            (falling edge-triggered cell ODDR clocked by clk_fpga_1  {rise@0.000ns fall@4.000ns period=8.000ns})
  Destination:            RGMII_0_td[0]
                            (output port clocked by design_1_gmii_to_rgmii_0_0_rgmii_tx_clk  {rise@0.000ns fall@4.000ns period=8.000ns})
  Path Group:             design_1_gmii_to_rgmii_0_0_rgmii_tx_clk
  Path Type:              Max at Fast Process Corner
  Requirement:            0.000ns  (design_1_gmii_to_rgmii_0_0_rgmii_tx_clk fall@4.000ns - clk_fpga_1 fall@4.000ns)
  Data Path Delay:        1.754ns  (logic 1.754ns (100.000%)  route 0.000ns (0.000%))
  Logic Levels:           1  (OBUF=1)
  Output Delay:           -1.000ns
  Clock Path Skew:        1.431ns (DCD - SCD + CPR)
    Destination Clock Delay (DCD):    3.019ns = ( 15.019 - 12.000 ) 
    Source Clock Delay      (SCD):    1.879ns = ( 5.879 - 4.000 ) 
    Clock Pessimism Removal (CPR):    0.291ns
  Timing Exception:       MultiCycle Path   Setup -end   0    

    Location             Delay type                Incr(ns)  Path(ns)    Netlist Resource(s)
  -------------------------------------------------------------------    -------------------
                         (clock clk_fpga_1 fall edge)
                                                      4.000     4.000 f  
    PS7_X0Y0             PS7                          0.000     4.000 f  design_1_i/processing_system7_0/inst/PS7_i/FCLKCLK[1]
                         net (fo=1, routed)           0.769     4.769    design_1_i/processing_system7_0/inst/FCLK_CLK_unbuffered[1]
    BUFGCTRL_X0Y28       BUFG (Prop_bufg_I_O)         0.030     4.799 f  design_1_i/processing_system7_0/inst/buffer_fclk_clk_1.FCLK_CLK_1_BUFG/O
                         net (fo=1, routed)           0.039     4.838    design_1_i/gmii_to_rgmii_0/U0/gmii_clk_125m_in
    BUFGCTRL_X0Y27       BUFGCTRL (Prop_bufgctrl_I1_O)
                                                      0.030     4.868 f  design_1_i/gmii_to_rgmii_0/U0/i_bufgmux_gmii_clk/O
                         net (fo=47, routed)          1.011     5.879    design_1_i/gmii_to_rgmii_0/U0/design_1_gmii_to_rgmii_0_0_core/i_gmii_to_rgmii/i_gmii_to_rgmii/gmii_tx_clk
    OLOGIC_X0Y37         ODDR                                         f  design_1_i/gmii_to_rgmii_0/U0/design_1_gmii_to_rgmii_0_0_core/i_gmii_to_rgmii/i_gmii_to_rgmii/gen_rgmii_txdata_zq.txdata_out_bus[0].rgmii_txd_out/C
  -------------------------------------------------------------------    -------------------
    OLOGIC_X0Y37         ODDR (Prop_oddr_C_Q)         0.221     6.100 r  design_1_i/gmii_to_rgmii_0/U0/design_1_gmii_to_rgmii_0_0_core/i_gmii_to_rgmii/i_gmii_to_rgmii/gen_rgmii_txdata_zq.txdata_out_bus[0].rgmii_txd_out/Q
                         net (fo=1, routed)           0.000     6.100    design_1_i/gmii_to_rgmii_0/U0/rgmii_txd_obuf[0]
    AA20                 OBUF (Prop_obuf_I_O)         1.533     7.633 r  design_1_i/gmii_to_rgmii_0/U0/obuf_data[0].rgmii_txd_obuf_i/O
                         net (fo=0)                   0.000     7.633    RGMII_0_td[0]
    AA20                                                              r  RGMII_0_td[0] (OUT)
  -------------------------------------------------------------------    -------------------

                         (clock design_1_gmii_to_rgmii_0_0_rgmii_tx_clk fall edge)
                                                      4.000     4.000 f  
    PS7_X0Y0             PS7                          0.000     4.000 f  design_1_i/processing_system7_0/inst/PS7_i/FCLKCLK[1]
                         net (fo=1, routed)           0.725     4.725    design_1_i/processing_system7_0/inst/FCLK_CLK_unbuffered[1]
    BUFGCTRL_X0Y28       BUFG (Prop_bufg_I_O)         0.026     4.751 f  design_1_i/processing_system7_0/inst/buffer_fclk_clk_1.FCLK_CLK_1_BUFG/O
                         net (fo=1, routed)           0.035     4.786    design_1_i/gmii_to_rgmii_0/U0/gmii_clk_125m_in
    BUFGCTRL_X0Y27       BUFGCTRL (Prop_bufgctrl_I1_O)
                                                      0.026     4.812 f  design_1_i/gmii_to_rgmii_0/U0/i_bufgmux_gmii_clk/O
                         net (fo=47, routed)          0.753     5.565    design_1_i/gmii_to_rgmii_0/U0/design_1_gmii_to_rgmii_0_0_core/i_gmii_to_rgmii/i_gmii_to_rgmii/gmii_tx_clk
    OLOGIC_X0Y27         ODDR (Prop_oddr_C_Q)         0.192     5.757 f  design_1_i/gmii_to_rgmii_0/U0/design_1_gmii_to_rgmii_0_0_core/i_gmii_to_rgmii/i_gmii_to_rgmii/gen_rgmii_txc.gen_rgmii_txc_zq.rgmii_txc_out/Q
                         net (fo=1, routed)           0.000     5.757    design_1_i/gmii_to_rgmii_0/U0/I
    AC19                 OBUF (Prop_obuf_I_O)         1.262     7.019 f  design_1_i/gmii_to_rgmii_0/U0/rgmii_txc_obuf_i/O
                         net (fo=0)                   0.000     7.019    RGMII_0_txc
    AC19                                                              f  RGMII_0_txc (OUT)
                         clock pessimism              0.291     7.310    
                         output delay                 1.000     8.310    
  -------------------------------------------------------------------
                         required time                          8.310    
                         arrival time                          -7.633    
  -------------------------------------------------------------------
                         slack                                  0.677    

Slack (MET) :             0.678ns  (required time - arrival time)
  Source:                 design_1_i/gmii_to_rgmii_0/U0/design_1_gmii_to_rgmii_0_0_core/i_gmii_to_rgmii/i_gmii_to_rgmii/gen_rgmii_txdata_zq.txdata_out_bus[1].rgmii_txd_out/C
                            (falling edge-triggered cell ODDR clocked by clk_fpga_1  {rise@0.000ns fall@4.000ns period=8.000ns})
  Destination:            RGMII_0_td[1]
                            (output port clocked by design_1_gmii_to_rgmii_0_0_rgmii_tx_clk  {rise@0.000ns fall@4.000ns period=8.000ns})
  Path Group:             design_1_gmii_to_rgmii_0_0_rgmii_tx_clk
  Path Type:              Max at Fast Process Corner
  Requirement:            0.000ns  (design_1_gmii_to_rgmii_0_0_rgmii_tx_clk fall@4.000ns - clk_fpga_1 fall@4.000ns)
  Data Path Delay:        1.754ns  (logic 1.754ns (100.000%)  route 0.000ns (0.000%))
  Logic Levels:           1  (OBUF=1)
  Output Delay:           -1.000ns
  Clock Path Skew:        1.431ns (DCD - SCD + CPR)
    Destination Clock Delay (DCD):    3.019ns = ( 15.019 - 12.000 ) 
    Source Clock Delay      (SCD):    1.879ns = ( 5.879 - 4.000 ) 
    Clock Pessimism Removal (CPR):    0.291ns
  Timing Exception:       MultiCycle Path   Setup -end   0    

    Location             Delay type                Incr(ns)  Path(ns)    Netlist Resource(s)
  -------------------------------------------------------------------    -------------------
                         (clock clk_fpga_1 fall edge)
                                                      4.000     4.000 f  
    PS7_X0Y0             PS7                          0.000     4.000 f  design_1_i/processing_system7_0/inst/PS7_i/FCLKCLK[1]
                         net (fo=1, routed)           0.769     4.769    design_1_i/processing_system7_0/inst/FCLK_CLK_unbuffered[1]
    BUFGCTRL_X0Y28       BUFG (Prop_bufg_I_O)         0.030     4.799 f  design_1_i/processing_system7_0/inst/buffer_fclk_clk_1.FCLK_CLK_1_BUFG/O
                         net (fo=1, routed)           0.039     4.838    design_1_i/gmii_to_rgmii_0/U0/gmii_clk_125m_in
    BUFGCTRL_X0Y27       BUFGCTRL (Prop_bufgctrl_I1_O)
                                                      0.030     4.868 f  design_1_i/gmii_to_rgmii_0/U0/i_bufgmux_gmii_clk/O
                         net (fo=47, routed)          1.011     5.879    design_1_i/gmii_to_rgmii_0/U0/design_1_gmii_to_rgmii_0_0_core/i_gmii_to_rgmii/i_gmii_to_rgmii/gmii_tx_clk
    OLOGIC_X0Y38         ODDR                                         f  design_1_i/gmii_to_rgmii_0/U0/design_1_gmii_to_rgmii_0_0_core/i_gmii_to_rgmii/i_gmii_to_rgmii/gen_rgmii_txdata_zq.txdata_out_bus[1].rgmii_txd_out/C
  -------------------------------------------------------------------    -------------------
    OLOGIC_X0Y38         ODDR (Prop_oddr_C_Q)         0.221     6.100 r  design_1_i/gmii_to_rgmii_0/U0/design_1_gmii_to_rgmii_0_0_core/i_gmii_to_rgmii/i_gmii_to_rgmii/gen_rgmii_txdata_zq.txdata_out_bus[1].rgmii_txd_out/Q
                         net (fo=1, routed)           0.000     6.100    design_1_i/gmii_to_rgmii_0/U0/rgmii_txd_obuf[1]
    Y20                  OBUF (Prop_obuf_I_O)         1.533     7.633 r  design_1_i/gmii_to_rgmii_0/U0/obuf_data[1].rgmii_txd_obuf_i/O
                         net (fo=0)                   0.000     7.633    RGMII_0_td[1]
    Y20                                                               r  RGMII_0_td[1] (OUT)
  -------------------------------------------------------------------    -------------------

                         (clock design_1_gmii_to_rgmii_0_0_rgmii_tx_clk fall edge)
                                                      4.000     4.000 f  
    PS7_X0Y0             PS7                          0.000     4.000 f  design_1_i/processing_system7_0/inst/PS7_i/FCLKCLK[1]
                         net (fo=1, routed)           0.725     4.725    design_1_i/processing_system7_0/inst/FCLK_CLK_unbuffered[1]
    BUFGCTRL_X0Y28       BUFG (Prop_bufg_I_O)         0.026     4.751 f  design_1_i/processing_system7_0/inst/buffer_fclk_clk_1.FCLK_CLK_1_BUFG/O
                         net (fo=1, routed)           0.035     4.786    design_1_i/gmii_to_rgmii_0/U0/gmii_clk_125m_in
    BUFGCTRL_X0Y27       BUFGCTRL (Prop_bufgctrl_I1_O)
                                                      0.026     4.812 f  design_1_i/gmii_to_rgmii_0/U0/i_bufgmux_gmii_clk/O
                         net (fo=47, routed)          0.753     5.565    design_1_i/gmii_to_rgmii_0/U0/design_1_gmii_to_rgmii_0_0_core/i_gmii_to_rgmii/i_gmii_to_rgmii/gmii_tx_clk
    OLOGIC_X0Y27         ODDR (Prop_oddr_C_Q)         0.192     5.757 f  design_1_i/gmii_to_rgmii_0/U0/design_1_gmii_to_rgmii_0_0_core/i_gmii_to_rgmii/i_gmii_to_rgmii/gen_rgmii_txc.gen_rgmii_txc_zq.rgmii_txc_out/Q
                         net (fo=1, routed)           0.000     5.757    design_1_i/gmii_to_rgmii_0/U0/I
    AC19                 OBUF (Prop_obuf_I_O)         1.262     7.019 f  design_1_i/gmii_to_rgmii_0/U0/rgmii_txc_obuf_i/O
                         net (fo=0)                   0.000     7.019    RGMII_0_txc
    AC19                                                              f  RGMII_0_txc (OUT)
                         clock pessimism              0.291     7.310    
                         output delay                 1.000     8.310    
  -------------------------------------------------------------------
                         required time                          8.310    
                         arrival time                          -7.633    
  -------------------------------------------------------------------
                         slack                                  0.678    





Min Delay Paths
--------------------------------------------------------------------------------------
Slack (MET) :             0.945ns  (arrival time - required time)
  Source:                 design_1_i/gmii_to_rgmii_0/U0/design_1_gmii_to_rgmii_0_0_core/i_gmii_to_rgmii/i_gmii_to_rgmii/gen_rgmii_txdata_zq.txdata_out_bus[1].rgmii_txd_out/C
                            (rising edge-triggered cell ODDR clocked by clk_fpga_1  {rise@0.000ns fall@4.000ns period=8.000ns})
  Destination:            RGMII_0_td[1]
                            (output port clocked by design_1_gmii_to_rgmii_0_0_rgmii_tx_clk  {rise@0.000ns fall@4.000ns period=8.000ns})
  Path Group:             design_1_gmii_to_rgmii_0_0_rgmii_tx_clk
  Path Type:              Min at Fast Process Corner
  Requirement:            -4.000ns  (design_1_gmii_to_rgmii_0_0_rgmii_tx_clk fall@4.000ns - clk_fpga_1 rise@8.000ns)
  Data Path Delay:        1.443ns  (logic 1.443ns (100.000%)  route 0.000ns (0.000%))
  Logic Levels:           1  (OBUF=1)
  Output Delay:           -2.600ns
  Clock Path Skew:        1.773ns (DCD - SCD - CPR)
    Destination Clock Delay (DCD):    3.636ns = ( 7.636 - 4.000 ) 
    Source Clock Delay      (SCD):    1.572ns = ( 9.572 - 8.000 ) 
    Clock Pessimism Removal (CPR):    0.291ns
  Clock Uncertainty:      0.125ns  ((TSJ^2 + TIJ^2)^1/2 + DJ) / 2 + PE
    Total System Jitter     (TSJ):    0.071ns
    Total Input Jitter      (TIJ):    0.240ns
    Discrete Jitter          (DJ):    0.000ns
    Phase Error              (PE):    0.000ns

    Location             Delay type                Incr(ns)  Path(ns)    Netlist Resource(s)
  -------------------------------------------------------------------    -------------------
                         (clock clk_fpga_1 rise edge)
                                                      8.000     8.000 r  
    PS7_X0Y0             PS7                          0.000     8.000 r  design_1_i/processing_system7_0/inst/PS7_i/FCLKCLK[1]
                         net (fo=1, routed)           0.725     8.725    design_1_i/processing_system7_0/inst/FCLK_CLK_unbuffered[1]
    BUFGCTRL_X0Y28       BUFG (Prop_bufg_I_O)         0.026     8.751 r  design_1_i/processing_system7_0/inst/buffer_fclk_clk_1.FCLK_CLK_1_BUFG/O
                         net (fo=1, routed)           0.035     8.786    design_1_i/gmii_to_rgmii_0/U0/gmii_clk_125m_in
    BUFGCTRL_X0Y27       BUFGCTRL (Prop_bufgctrl_I1_O)
                                                      0.026     8.812 r  design_1_i/gmii_to_rgmii_0/U0/i_bufgmux_gmii_clk/O
                         net (fo=47, routed)          0.760     9.572    design_1_i/gmii_to_rgmii_0/U0/design_1_gmii_to_rgmii_0_0_core/i_gmii_to_rgmii/i_gmii_to_rgmii/gmii_tx_clk
    OLOGIC_X0Y38         ODDR                                         r  design_1_i/gmii_to_rgmii_0/U0/design_1_gmii_to_rgmii_0_0_core/i_gmii_to_rgmii/i_gmii_to_rgmii/gen_rgmii_txdata_zq.txdata_out_bus[1].rgmii_txd_out/C
  -------------------------------------------------------------------    -------------------
    OLOGIC_X0Y38         ODDR (Prop_oddr_C_Q)         0.192     9.764 r  design_1_i/gmii_to_rgmii_0/U0/design_1_gmii_to_rgmii_0_0_core/i_gmii_to_rgmii/i_gmii_to_rgmii/gen_rgmii_txdata_zq.txdata_out_bus[1].rgmii_txd_out/Q
                         net (fo=1, routed)           0.000     9.764    design_1_i/gmii_to_rgmii_0/U0/rgmii_txd_obuf[1]
    Y20                  OBUF (Prop_obuf_I_O)         1.251    11.015 r  design_1_i/gmii_to_rgmii_0/U0/obuf_data[1].rgmii_txd_obuf_i/O
                         net (fo=0)                   0.000    11.015    RGMII_0_td[1]
    Y20                                                               r  RGMII_0_td[1] (OUT)
  -------------------------------------------------------------------    -------------------

                         (clock design_1_gmii_to_rgmii_0_0_rgmii_tx_clk fall edge)
                                                      4.000     4.000 f  
    PS7_X0Y0             PS7                          0.000     4.000 f  design_1_i/processing_system7_0/inst/PS7_i/FCLKCLK[1]
                         net (fo=1, routed)           0.769     4.769    design_1_i/processing_system7_0/inst/FCLK_CLK_unbuffered[1]
    BUFGCTRL_X0Y28       BUFG (Prop_bufg_I_O)         0.030     4.799 f  design_1_i/processing_system7_0/inst/buffer_fclk_clk_1.FCLK_CLK_1_BUFG/O
                         net (fo=1, routed)           0.039     4.838    design_1_i/gmii_to_rgmii_0/U0/gmii_clk_125m_in
    BUFGCTRL_X0Y27       BUFGCTRL (Prop_bufgctrl_I1_O)
                                                      0.030     4.868 f  design_1_i/gmii_to_rgmii_0/U0/i_bufgmux_gmii_clk/O
                         net (fo=47, routed)          1.003     5.871    design_1_i/gmii_to_rgmii_0/U0/design_1_gmii_to_rgmii_0_0_core/i_gmii_to_rgmii/i_gmii_to_rgmii/gmii_tx_clk
    OLOGIC_X0Y27         ODDR (Prop_oddr_C_Q)         0.221     6.092 f  design_1_i/gmii_to_rgmii_0/U0/design_1_gmii_to_rgmii_0_0_core/i_gmii_to_rgmii/i_gmii_to_rgmii/gen_rgmii_txc.gen_rgmii_txc_zq.rgmii_txc_out/Q
                         net (fo=1, routed)           0.000     6.092    design_1_i/gmii_to_rgmii_0/U0/I
    AC19                 OBUF (Prop_obuf_I_O)         1.544     7.636 f  design_1_i/gmii_to_rgmii_0/U0/rgmii_txc_obuf_i/O
                         net (fo=0)                   0.000     7.636    RGMII_0_txc
    AC19                                                              f  RGMII_0_txc (OUT)
                         clock pessimism             -0.291     7.345    
                         clock uncertainty            0.125     7.470    
                         output delay                 2.600    10.070    
  -------------------------------------------------------------------
                         required time                        -10.070    
                         arrival time                          11.015    
  -------------------------------------------------------------------
                         slack                                  0.945    

Slack (MET) :             0.946ns  (arrival time - required time)
  Source:                 design_1_i/gmii_to_rgmii_0/U0/design_1_gmii_to_rgmii_0_0_core/i_gmii_to_rgmii/i_gmii_to_rgmii/gen_rgmii_txdata_zq.txdata_out_bus[0].rgmii_txd_out/C
                            (rising edge-triggered cell ODDR clocked by clk_fpga_1  {rise@0.000ns fall@4.000ns period=8.000ns})
  Destination:            RGMII_0_td[0]
                            (output port clocked by design_1_gmii_to_rgmii_0_0_rgmii_tx_clk  {rise@0.000ns fall@4.000ns period=8.000ns})
  Path Group:             design_1_gmii_to_rgmii_0_0_rgmii_tx_clk
  Path Type:              Min at Fast Process Corner
  Requirement:            -4.000ns  (design_1_gmii_to_rgmii_0_0_rgmii_tx_clk fall@4.000ns - clk_fpga_1 rise@8.000ns)
  Data Path Delay:        1.444ns  (logic 1.444ns (100.000%)  route 0.000ns (0.000%))
  Logic Levels:           1  (OBUF=1)
  Output Delay:           -2.600ns
  Clock Path Skew:        1.773ns (DCD - SCD - CPR)
    Destination Clock Delay (DCD):    3.636ns = ( 7.636 - 4.000 ) 
    Source Clock Delay      (SCD):    1.572ns = ( 9.572 - 8.000 ) 
    Clock Pessimism Removal (CPR):    0.291ns
  Clock Uncertainty:      0.125ns  ((TSJ^2 + TIJ^2)^1/2 + DJ) / 2 + PE
    Total System Jitter     (TSJ):    0.071ns
    Total Input Jitter      (TIJ):    0.240ns
    Discrete Jitter          (DJ):    0.000ns
    Phase Error              (PE):    0.000ns

    Location             Delay type                Incr(ns)  Path(ns)    Netlist Resource(s)
  -------------------------------------------------------------------    -------------------
                         (clock clk_fpga_1 rise edge)
                                                      8.000     8.000 r  
    PS7_X0Y0             PS7                          0.000     8.000 r  design_1_i/processing_system7_0/inst/PS7_i/FCLKCLK[1]
                         net (fo=1, routed)           0.725     8.725    design_1_i/processing_system7_0/inst/FCLK_CLK_unbuffered[1]
    BUFGCTRL_X0Y28       BUFG (Prop_bufg_I_O)         0.026     8.751 r  design_1_i/processing_system7_0/inst/buffer_fclk_clk_1.FCLK_CLK_1_BUFG/O
                         net (fo=1, routed)           0.035     8.786    design_1_i/gmii_to_rgmii_0/U0/gmii_clk_125m_in
    BUFGCTRL_X0Y27       BUFGCTRL (Prop_bufgctrl_I1_O)
                                                      0.026     8.812 r  design_1_i/gmii_to_rgmii_0/U0/i_bufgmux_gmii_clk/O
                         net (fo=47, routed)          0.760     9.572    design_1_i/gmii_to_rgmii_0/U0/design_1_gmii_to_rgmii_0_0_core/i_gmii_to_rgmii/i_gmii_to_rgmii/gmii_tx_clk
    OLOGIC_X0Y37         ODDR                                         r  design_1_i/gmii_to_rgmii_0/U0/design_1_gmii_to_rgmii_0_0_core/i_gmii_to_rgmii/i_gmii_to_rgmii/gen_rgmii_txdata_zq.txdata_out_bus[0].rgmii_txd_out/C
  -------------------------------------------------------------------    -------------------
    OLOGIC_X0Y37         ODDR (Prop_oddr_C_Q)         0.192     9.764 r  design_1_i/gmii_to_rgmii_0/U0/design_1_gmii_to_rgmii_0_0_core/i_gmii_to_rgmii/i_gmii_to_rgmii/gen_rgmii_txdata_zq.txdata_out_bus[0].rgmii_txd_out/Q
                         net (fo=1, routed)           0.000     9.764    design_1_i/gmii_to_rgmii_0/U0/rgmii_txd_obuf[0]
    AA20                 OBUF (Prop_obuf_I_O)         1.252    11.016 r  design_1_i/gmii_to_rgmii_0/U0/obuf_data[0].rgmii_txd_obuf_i/O
                         net (fo=0)                   0.000    11.016    RGMII_0_td[0]
    AA20                                                              r  RGMII_0_td[0] (OUT)
  -------------------------------------------------------------------    -------------------

                         (clock design_1_gmii_to_rgmii_0_0_rgmii_tx_clk fall edge)
                                                      4.000     4.000 f  
    PS7_X0Y0             PS7                          0.000     4.000 f  design_1_i/processing_system7_0/inst/PS7_i/FCLKCLK[1]
                         net (fo=1, routed)           0.769     4.769    design_1_i/processing_system7_0/inst/FCLK_CLK_unbuffered[1]
    BUFGCTRL_X0Y28       BUFG (Prop_bufg_I_O)         0.030     4.799 f  design_1_i/processing_system7_0/inst/buffer_fclk_clk_1.FCLK_CLK_1_BUFG/O
                         net (fo=1, routed)           0.039     4.838    design_1_i/gmii_to_rgmii_0/U0/gmii_clk_125m_in
    BUFGCTRL_X0Y27       BUFGCTRL (Prop_bufgctrl_I1_O)
                                                      0.030     4.868 f  design_1_i/gmii_to_rgmii_0/U0/i_bufgmux_gmii_clk/O
                         net (fo=47, routed)          1.003     5.871    design_1_i/gmii_to_rgmii_0/U0/design_1_gmii_to_rgmii_0_0_core/i_gmii_to_rgmii/i_gmii_to_rgmii/gmii_tx_clk
    OLOGIC_X0Y27         ODDR (Prop_oddr_C_Q)         0.221     6.092 f  design_1_i/gmii_to_rgmii_0/U0/design_1_gmii_to_rgmii_0_0_core/i_gmii_to_rgmii/i_gmii_to_rgmii/gen_rgmii_txc.gen_rgmii_txc_zq.rgmii_txc_out/Q
                         net (fo=1, routed)           0.000     6.092    design_1_i/gmii_to_rgmii_0/U0/I
    AC19                 OBUF (Prop_obuf_I_O)         1.544     7.636 f  design_1_i/gmii_to_rgmii_0/U0/rgmii_txc_obuf_i/O
                         net (fo=0)                   0.000     7.636    RGMII_0_txc
    AC19                                                              f  RGMII_0_txc (OUT)
                         clock pessimism             -0.291     7.345    
                         clock uncertainty            0.125     7.470    
                         output delay                 2.600    10.070    
  -------------------------------------------------------------------
                         required time                        -10.070    
                         arrival time                          11.016    
  -------------------------------------------------------------------
                         slack                                  0.946    

Slack (MET) :             0.949ns  (arrival time - required time)
  Source:                 design_1_i/gmii_to_rgmii_0/U0/design_1_gmii_to_rgmii_0_0_core/i_gmii_to_rgmii/i_gmii_to_rgmii/gen_rgmii_txdata_zq.rgmii_tx_ctl_out/C
                            (rising edge-triggered cell ODDR clocked by clk_fpga_1  {rise@0.000ns fall@4.000ns period=8.000ns})
  Destination:            RGMII_0_tx_ctl
                            (output port clocked by design_1_gmii_to_rgmii_0_0_rgmii_tx_clk  {rise@0.000ns fall@4.000ns period=8.000ns})
  Path Group:             design_1_gmii_to_rgmii_0_0_rgmii_tx_clk
  Path Type:              Min at Fast Process Corner
  Requirement:            -4.000ns  (design_1_gmii_to_rgmii_0_0_rgmii_tx_clk fall@4.000ns - clk_fpga_1 rise@8.000ns)
  Data Path Delay:        1.454ns  (logic 1.454ns (100.000%)  route 0.000ns (0.000%))
  Logic Levels:           1  (OBUF=1)
  Output Delay:           -2.600ns
  Clock Path Skew:        1.780ns (DCD - SCD - CPR)
    Destination Clock Delay (DCD):    3.636ns = ( 7.636 - 4.000 ) 
    Source Clock Delay      (SCD):    1.565ns = ( 9.565 - 8.000 ) 
    Clock Pessimism Removal (CPR):    0.291ns
  Clock Uncertainty:      0.125ns  ((TSJ^2 + TIJ^2)^1/2 + DJ) / 2 + PE
    Total System Jitter     (TSJ):    0.071ns
    Total Input Jitter      (TIJ):    0.240ns
    Discrete Jitter          (DJ):    0.000ns
    Phase Error              (PE):    0.000ns

    Location             Delay type                Incr(ns)  Path(ns)    Netlist Resource(s)
  -------------------------------------------------------------------    -------------------
                         (clock clk_fpga_1 rise edge)
                                                      8.000     8.000 r  
    PS7_X0Y0             PS7                          0.000     8.000 r  design_1_i/processing_system7_0/inst/PS7_i/FCLKCLK[1]
                         net (fo=1, routed)           0.725     8.725    design_1_i/processing_system7_0/inst/FCLK_CLK_unbuffered[1]
    BUFGCTRL_X0Y28       BUFG (Prop_bufg_I_O)         0.026     8.751 r  design_1_i/processing_system7_0/inst/buffer_fclk_clk_1.FCLK_CLK_1_BUFG/O
                         net (fo=1, routed)           0.035     8.786    design_1_i/gmii_to_rgmii_0/U0/gmii_clk_125m_in
    BUFGCTRL_X0Y27       BUFGCTRL (Prop_bufgctrl_I1_O)
                                                      0.026     8.812 r  design_1_i/gmii_to_rgmii_0/U0/i_bufgmux_gmii_clk/O
                         net (fo=47, routed)          0.753     9.565    design_1_i/gmii_to_rgmii_0/U0/design_1_gmii_to_rgmii_0_0_core/i_gmii_to_rgmii/i_gmii_to_rgmii/gmii_tx_clk
    OLOGIC_X0Y28         ODDR                                         r  design_1_i/gmii_to_rgmii_0/U0/design_1_gmii_to_rgmii_0_0_core/i_gmii_to_rgmii/i_gmii_to_rgmii/gen_rgmii_txdata_zq.rgmii_tx_ctl_out/C
  -------------------------------------------------------------------    -------------------
    OLOGIC_X0Y28         ODDR (Prop_oddr_C_Q)         0.192     9.757 r  design_1_i/gmii_to_rgmii_0/U0/design_1_gmii_to_rgmii_0_0_core/i_gmii_to_rgmii/i_gmii_to_rgmii/gen_rgmii_txdata_zq.rgmii_tx_ctl_out/Q
                         net (fo=1, routed)           0.000     9.757    design_1_i/gmii_to_rgmii_0/U0/rgmii_tx_ctl_obuf
    AC18                 OBUF (Prop_obuf_I_O)         1.262    11.019 r  design_1_i/gmii_to_rgmii_0/U0/rgmii_tx_ctl_obuf_i/O
                         net (fo=0)                   0.000    11.019    RGMII_0_tx_ctl
    AC18                                                              r  RGMII_0_tx_ctl (OUT)
  -------------------------------------------------------------------    -------------------

                         (clock design_1_gmii_to_rgmii_0_0_rgmii_tx_clk fall edge)
                                                      4.000     4.000 f  
    PS7_X0Y0             PS7                          0.000     4.000 f  design_1_i/processing_system7_0/inst/PS7_i/FCLKCLK[1]
                         net (fo=1, routed)           0.769     4.769    design_1_i/processing_system7_0/inst/FCLK_CLK_unbuffered[1]
    BUFGCTRL_X0Y28       BUFG (Prop_bufg_I_O)         0.030     4.799 f  design_1_i/processing_system7_0/inst/buffer_fclk_clk_1.FCLK_CLK_1_BUFG/O
                         net (fo=1, routed)           0.039     4.838    design_1_i/gmii_to_rgmii_0/U0/gmii_clk_125m_in
    BUFGCTRL_X0Y27       BUFGCTRL (Prop_bufgctrl_I1_O)
                                                      0.030     4.868 f  design_1_i/gmii_to_rgmii_0/U0/i_bufgmux_gmii_clk/O
                         net (fo=47, routed)          1.003     5.871    design_1_i/gmii_to_rgmii_0/U0/design_1_gmii_to_rgmii_0_0_core/i_gmii_to_rgmii/i_gmii_to_rgmii/gmii_tx_clk
    OLOGIC_X0Y27         ODDR (Prop_oddr_C_Q)         0.221     6.092 f  design_1_i/gmii_to_rgmii_0/U0/design_1_gmii_to_rgmii_0_0_core/i_gmii_to_rgmii/i_gmii_to_rgmii/gen_rgmii_txc.gen_rgmii_txc_zq.rgmii_txc_out/Q
                         net (fo=1, routed)           0.000     6.092    design_1_i/gmii_to_rgmii_0/U0/I
    AC19                 OBUF (Prop_obuf_I_O)         1.544     7.636 f  design_1_i/gmii_to_rgmii_0/U0/rgmii_txc_obuf_i/O
                         net (fo=0)                   0.000     7.636    RGMII_0_txc
    AC19                                                              f  RGMII_0_txc (OUT)
                         clock pessimism             -0.291     7.345    
                         clock uncertainty            0.125     7.470    
                         output delay                 2.600    10.070    
  -------------------------------------------------------------------
                         required time                        -10.070    
                         arrival time                          11.019    
  -------------------------------------------------------------------
                         slack                                  0.949    

Slack (MET) :             0.953ns  (arrival time - required time)
  Source:                 design_1_i/gmii_to_rgmii_0/U0/design_1_gmii_to_rgmii_0_0_core/i_gmii_to_rgmii/i_gmii_to_rgmii/gen_rgmii_txdata_zq.txdata_out_bus[3].rgmii_txd_out/C
                            (rising edge-triggered cell ODDR clocked by clk_fpga_1  {rise@0.000ns fall@4.000ns period=8.000ns})
  Destination:            RGMII_0_td[3]
                            (output port clocked by design_1_gmii_to_rgmii_0_0_rgmii_tx_clk  {rise@0.000ns fall@4.000ns period=8.000ns})
  Path Group:             design_1_gmii_to_rgmii_0_0_rgmii_tx_clk
  Path Type:              Min at Fast Process Corner
  Requirement:            -4.000ns  (design_1_gmii_to_rgmii_0_0_rgmii_tx_clk fall@4.000ns - clk_fpga_1 rise@8.000ns)
  Data Path Delay:        1.459ns  (logic 1.459ns (100.000%)  route 0.000ns (0.000%))
  Logic Levels:           1  (OBUF=1)
  Output Delay:           -2.600ns
  Clock Path Skew:        1.781ns (DCD - SCD - CPR)
    Destination Clock Delay (DCD):    3.636ns = ( 7.636 - 4.000 ) 
    Source Clock Delay      (SCD):    1.564ns = ( 9.564 - 8.000 ) 
    Clock Pessimism Removal (CPR):    0.291ns
  Clock Uncertainty:      0.125ns  ((TSJ^2 + TIJ^2)^1/2 + DJ) / 2 + PE
    Total System Jitter     (TSJ):    0.071ns
    Total Input Jitter      (TIJ):    0.240ns
    Discrete Jitter          (DJ):    0.000ns
    Phase Error              (PE):    0.000ns

    Location             Delay type                Incr(ns)  Path(ns)    Netlist Resource(s)
  -------------------------------------------------------------------    -------------------
                         (clock clk_fpga_1 rise edge)
                                                      8.000     8.000 r  
    PS7_X0Y0             PS7                          0.000     8.000 r  design_1_i/processing_system7_0/inst/PS7_i/FCLKCLK[1]
                         net (fo=1, routed)           0.725     8.725    design_1_i/processing_system7_0/inst/FCLK_CLK_unbuffered[1]
    BUFGCTRL_X0Y28       BUFG (Prop_bufg_I_O)         0.026     8.751 r  design_1_i/processing_system7_0/inst/buffer_fclk_clk_1.FCLK_CLK_1_BUFG/O
                         net (fo=1, routed)           0.035     8.786    design_1_i/gmii_to_rgmii_0/U0/gmii_clk_125m_in
    BUFGCTRL_X0Y27       BUFGCTRL (Prop_bufgctrl_I1_O)
                                                      0.026     8.812 r  design_1_i/gmii_to_rgmii_0/U0/i_bufgmux_gmii_clk/O
                         net (fo=47, routed)          0.752     9.564    design_1_i/gmii_to_rgmii_0/U0/design_1_gmii_to_rgmii_0_0_core/i_gmii_to_rgmii/i_gmii_to_rgmii/gmii_tx_clk
    OLOGIC_X0Y24         ODDR                                         r  design_1_i/gmii_to_rgmii_0/U0/design_1_gmii_to_rgmii_0_0_core/i_gmii_to_rgmii/i_gmii_to_rgmii/gen_rgmii_txdata_zq.txdata_out_bus[3].rgmii_txd_out/C
  -------------------------------------------------------------------    -------------------
    OLOGIC_X0Y24         ODDR (Prop_oddr_C_Q)         0.192     9.756 r  design_1_i/gmii_to_rgmii_0/U0/design_1_gmii_to_rgmii_0_0_core/i_gmii_to_rgmii/i_gmii_to_rgmii/gen_rgmii_txdata_zq.txdata_out_bus[3].rgmii_txd_out/Q
                         net (fo=1, routed)           0.000     9.756    design_1_i/gmii_to_rgmii_0/U0/rgmii_txd_obuf[3]
    AA18                 OBUF (Prop_obuf_I_O)         1.267    11.023 r  design_1_i/gmii_to_rgmii_0/U0/obuf_data[3].rgmii_txd_obuf_i/O
                         net (fo=0)                   0.000    11.023    RGMII_0_td[3]
    AA18                                                              r  RGMII_0_td[3] (OUT)
  -------------------------------------------------------------------    -------------------

                         (clock design_1_gmii_to_rgmii_0_0_rgmii_tx_clk fall edge)
                                                      4.000     4.000 f  
    PS7_X0Y0             PS7                          0.000     4.000 f  design_1_i/processing_system7_0/inst/PS7_i/FCLKCLK[1]
                         net (fo=1, routed)           0.769     4.769    design_1_i/processing_system7_0/inst/FCLK_CLK_unbuffered[1]
    BUFGCTRL_X0Y28       BUFG (Prop_bufg_I_O)         0.030     4.799 f  design_1_i/processing_system7_0/inst/buffer_fclk_clk_1.FCLK_CLK_1_BUFG/O
                         net (fo=1, routed)           0.039     4.838    design_1_i/gmii_to_rgmii_0/U0/gmii_clk_125m_in
    BUFGCTRL_X0Y27       BUFGCTRL (Prop_bufgctrl_I1_O)
                                                      0.030     4.868 f  design_1_i/gmii_to_rgmii_0/U0/i_bufgmux_gmii_clk/O
                         net (fo=47, routed)          1.003     5.871    design_1_i/gmii_to_rgmii_0/U0/design_1_gmii_to_rgmii_0_0_core/i_gmii_to_rgmii/i_gmii_to_rgmii/gmii_tx_clk
    OLOGIC_X0Y27         ODDR (Prop_oddr_C_Q)         0.221     6.092 f  design_1_i/gmii_to_rgmii_0/U0/design_1_gmii_to_rgmii_0_0_core/i_gmii_to_rgmii/i_gmii_to_rgmii/gen_rgmii_txc.gen_rgmii_txc_zq.rgmii_txc_out/Q
                         net (fo=1, routed)           0.000     6.092    design_1_i/gmii_to_rgmii_0/U0/I
    AC19                 OBUF (Prop_obuf_I_O)         1.544     7.636 f  design_1_i/gmii_to_rgmii_0/U0/rgmii_txc_obuf_i/O
                         net (fo=0)                   0.000     7.636    RGMII_0_txc
    AC19                                                              f  RGMII_0_txc (OUT)
                         clock pessimism             -0.291     7.345    
                         clock uncertainty            0.125     7.470    
                         output delay                 2.600    10.070    
  -------------------------------------------------------------------
                         required time                        -10.070    
                         arrival time                          11.023    
  -------------------------------------------------------------------
                         slack                                  0.953    

Slack (MET) :             0.955ns  (arrival time - required time)
  Source:                 design_1_i/gmii_to_rgmii_0/U0/design_1_gmii_to_rgmii_0_0_core/i_gmii_to_rgmii/i_gmii_to_rgmii/gen_rgmii_txdata_zq.txdata_out_bus[2].rgmii_txd_out/C
                            (rising edge-triggered cell ODDR clocked by clk_fpga_1  {rise@0.000ns fall@4.000ns period=8.000ns})
  Destination:            RGMII_0_td[2]
                            (output port clocked by design_1_gmii_to_rgmii_0_0_rgmii_tx_clk  {rise@0.000ns fall@4.000ns period=8.000ns})
  Path Group:             design_1_gmii_to_rgmii_0_0_rgmii_tx_clk
  Path Type:              Min at Fast Process Corner
  Requirement:            -4.000ns  (design_1_gmii_to_rgmii_0_0_rgmii_tx_clk fall@4.000ns - clk_fpga_1 rise@8.000ns)
  Data Path Delay:        1.461ns  (logic 1.461ns (100.000%)  route 0.000ns (0.000%))
  Logic Levels:           1  (OBUF=1)
  Output Delay:           -2.600ns
  Clock Path Skew:        1.781ns (DCD - SCD - CPR)
    Destination Clock Delay (DCD):    3.636ns = ( 7.636 - 4.000 ) 
    Source Clock Delay      (SCD):    1.564ns = ( 9.564 - 8.000 ) 
    Clock Pessimism Removal (CPR):    0.291ns
  Clock Uncertainty:      0.125ns  ((TSJ^2 + TIJ^2)^1/2 + DJ) / 2 + PE
    Total System Jitter     (TSJ):    0.071ns
    Total Input Jitter      (TIJ):    0.240ns
    Discrete Jitter          (DJ):    0.000ns
    Phase Error              (PE):    0.000ns

    Location             Delay type                Incr(ns)  Path(ns)    Netlist Resource(s)
  -------------------------------------------------------------------    -------------------
                         (clock clk_fpga_1 rise edge)
                                                      8.000     8.000 r  
    PS7_X0Y0             PS7                          0.000     8.000 r  design_1_i/processing_system7_0/inst/PS7_i/FCLKCLK[1]
                         net (fo=1, routed)           0.725     8.725    design_1_i/processing_system7_0/inst/FCLK_CLK_unbuffered[1]
    BUFGCTRL_X0Y28       BUFG (Prop_bufg_I_O)         0.026     8.751 r  design_1_i/processing_system7_0/inst/buffer_fclk_clk_1.FCLK_CLK_1_BUFG/O
                         net (fo=1, routed)           0.035     8.786    design_1_i/gmii_to_rgmii_0/U0/gmii_clk_125m_in
    BUFGCTRL_X0Y27       BUFGCTRL (Prop_bufgctrl_I1_O)
                                                      0.026     8.812 r  design_1_i/gmii_to_rgmii_0/U0/i_bufgmux_gmii_clk/O
                         net (fo=47, routed)          0.752     9.564    design_1_i/gmii_to_rgmii_0/U0/design_1_gmii_to_rgmii_0_0_core/i_gmii_to_rgmii/i_gmii_to_rgmii/gmii_tx_clk
    OLOGIC_X0Y23         ODDR                                         r  design_1_i/gmii_to_rgmii_0/U0/design_1_gmii_to_rgmii_0_0_core/i_gmii_to_rgmii/i_gmii_to_rgmii/gen_rgmii_txdata_zq.txdata_out_bus[2].rgmii_txd_out/C
  -------------------------------------------------------------------    -------------------
    OLOGIC_X0Y23         ODDR (Prop_oddr_C_Q)         0.192     9.756 r  design_1_i/gmii_to_rgmii_0/U0/design_1_gmii_to_rgmii_0_0_core/i_gmii_to_rgmii/i_gmii_to_rgmii/gen_rgmii_txdata_zq.txdata_out_bus[2].rgmii_txd_out/Q
                         net (fo=1, routed)           0.000     9.756    design_1_i/gmii_to_rgmii_0/U0/rgmii_txd_obuf[2]
    AA19                 OBUF (Prop_obuf_I_O)         1.269    11.025 r  design_1_i/gmii_to_rgmii_0/U0/obuf_data[2].rgmii_txd_obuf_i/O
                         net (fo=0)                   0.000    11.025    RGMII_0_td[2]
    AA19                                                              r  RGMII_0_td[2] (OUT)
  -------------------------------------------------------------------    -------------------

                         (clock design_1_gmii_to_rgmii_0_0_rgmii_tx_clk fall edge)
                                                      4.000     4.000 f  
    PS7_X0Y0             PS7                          0.000     4.000 f  design_1_i/processing_system7_0/inst/PS7_i/FCLKCLK[1]
                         net (fo=1, routed)           0.769     4.769    design_1_i/processing_system7_0/inst/FCLK_CLK_unbuffered[1]
    BUFGCTRL_X0Y28       BUFG (Prop_bufg_I_O)         0.030     4.799 f  design_1_i/processing_system7_0/inst/buffer_fclk_clk_1.FCLK_CLK_1_BUFG/O
                         net (fo=1, routed)           0.039     4.838    design_1_i/gmii_to_rgmii_0/U0/gmii_clk_125m_in
    BUFGCTRL_X0Y27       BUFGCTRL (Prop_bufgctrl_I1_O)
                                                      0.030     4.868 f  design_1_i/gmii_to_rgmii_0/U0/i_bufgmux_gmii_clk/O
                         net (fo=47, routed)          1.003     5.871    design_1_i/gmii_to_rgmii_0/U0/design_1_gmii_to_rgmii_0_0_core/i_gmii_to_rgmii/i_gmii_to_rgmii/gmii_tx_clk
    OLOGIC_X0Y27         ODDR (Prop_oddr_C_Q)         0.221     6.092 f  design_1_i/gmii_to_rgmii_0/U0/design_1_gmii_to_rgmii_0_0_core/i_gmii_to_rgmii/i_gmii_to_rgmii/gen_rgmii_txc.gen_rgmii_txc_zq.rgmii_txc_out/Q
                         net (fo=1, routed)           0.000     6.092    design_1_i/gmii_to_rgmii_0/U0/I
    AC19                 OBUF (Prop_obuf_I_O)         1.544     7.636 f  design_1_i/gmii_to_rgmii_0/U0/rgmii_txc_obuf_i/O
                         net (fo=0)                   0.000     7.636    RGMII_0_txc
    AC19                                                              f  RGMII_0_txc (OUT)
                         clock pessimism             -0.291     7.345    
                         clock uncertainty            0.125     7.470    
                         output delay                 2.600    10.070    
  -------------------------------------------------------------------
                         required time                        -10.070    
                         arrival time                          11.025    
  -------------------------------------------------------------------
                         slack                                  0.955    





